Date,FTSE
2024-04-03,7937.44
2024-04-02,7935.09
2024-03-28,7952.62
2024-03-27,7931.98
2024-03-26,7930.96
2024-03-25,7917.57
2024-03-22,7930.92
2024-03-21,7882.55
2024-03-20,7737.38
2024-03-19,7738.3
2024-03-18,7722.55
2024-03-15,7727.42
2024-03-14,7743.15
2024-03-13,7772.17
2024-03-12,7747.81
2024-03-11,7669.23
2024-03-08,7659.74
2024-03-07,7692.46
2024-03-06,7679.31
2024-03-05,7646.16
2024-03-04,7640.33
2024-03-01,7682.5
2024-02-29,7630.02
2024-02-28,7624.98
2024-02-27,7683.02
2024-02-26,7684.3
2024-02-23,7706.28
2024-02-22,7684.49
2024-02-21,7662.51
2024-02-20,7719.21
2024-02-19,7728.5
2024-02-16,7711.71
2024-02-15,7597.53
2024-02-14,7568.4
2024-02-13,7512.28
2024-02-12,7573.69
2024-02-09,7572.58
2024-02-08,7595.48
2024-02-07,7628.75
2024-02-06,7681.01
2024-02-05,7612.86
2024-02-02,7615.54
2024-02-01,7622.16
2024-01-31,7630.57
2024-01-30,7666.31
2024-01-29,7632.74
2024-01-26,7635.09
2024-01-25,7529.73
2024-01-24,7527.67
2024-01-23,7485.73
2024-01-22,7487.71
2024-01-19,7461.93
2024-01-18,7459.09
2024-01-17,7446.29
2024-01-16,7558.34
2024-01-15,7594.91
2024-01-12,7624.93
2024-01-11,7576.59
2024-01-10,7651.76
2024-01-09,7683.96
2024-01-08,7694.19
2024-01-05,7689.61
2024-01-04,7723.07
2024-01-03,7682.33
2024-01-02,7721.52
2023-12-29,7733.24
2023-12-28,7722.74
2023-12-27,7724.95
2023-12-22,7697.51
2023-12-21,7694.73
2023-12-20,7715.68
2023-12-19,7638.03
2023-12-18,7614.48
2023-12-15,7576.36
2023-12-14,7648.98
2023-12-13,7548.44
2023-12-12,7542.77
2023-12-11,7544.89
2023-12-08,7554.47
2023-12-07,7513.72
2023-12-06,7515.38
2023-12-05,7489.84
2023-12-04,7512.96
2023-12-01,7529.35
2023-11-30,7453.75
2023-11-29,7423.46
2023-11-28,7455.24
2023-11-27,7460.7
2023-11-24,7488.2
2023-11-23,7483.58
2023-11-22,7469.51
2023-11-21,7481.99
2023-11-20,7496.36
2023-11-17,7504.25
2023-11-16,7410.97
2023-11-15,7486.91
2023-11-14,7440.47
2023-11-13,7425.83
2023-11-10,7360.55
2023-11-09,7455.67
2023-11-08,7401.72
2023-11-07,7410.04
2023-11-06,7417.76
2023-11-03,7417.73
2023-11-02,7446.53
2023-11-01,7342.43
2023-10-31,7321.72
2023-10-30,7327.39
2023-10-27,7291.28
2023-10-26,7354.57
2023-10-25,7414.34
2023-10-24,7389.7
2023-10-23,7374.83
2023-10-20,7402.14
2023-10-19,7499.53
2023-10-18,7588.0
2023-10-17,7675.21
2023-10-16,7630.63
2023-10-13,7599.6
2023-10-12,7644.78
2023-10-11,7620.03
2023-10-10,7628.21
2023-10-09,7492.21
2023-10-06,7494.58
2023-10-05,7451.54
2023-10-04,7412.45
2023-10-03,7470.16
2023-10-02,7510.72
2023-09-29,7608.08
2023-09-28,7601.85
2023-09-27,7593.22
2023-09-26,7625.72
2023-09-25,7623.99
2023-09-22,7683.91
2023-09-21,7678.62
2023-09-20,7731.65
2023-09-19,7660.2
2023-09-18,7652.94
2023-09-15,7711.38
2023-09-14,7673.08
2023-09-13,7525.99
2023-09-12,7527.53
2023-09-11,7496.87
2023-09-08,7478.19
2023-09-07,7441.72
2023-09-06,7426.14
2023-09-05,7437.93
2023-09-04,7452.76
2023-09-01,7464.54
2023-08-31,7439.13
2023-08-30,7473.67
2023-08-29,7464.99
2023-08-25,7338.58
2023-08-24,7333.63
2023-08-23,7320.53
2023-08-22,7270.76
2023-08-21,7257.82
2023-08-18,7262.43
2023-08-17,7310.21
2023-08-16,7356.88
2023-08-15,7389.64
2023-08-14,7507.15
2023-08-11,7524.16
2023-08-10,7618.6
2023-08-09,7587.3
2023-08-08,7527.42
2023-08-07,7554.49
2023-08-04,7564.37
2023-08-03,7529.16
2023-08-02,7561.63
2023-08-01,7666.27
2023-07-31,7699.41
2023-07-28,7694.27
2023-07-27,7692.76
2023-07-26,7676.89
2023-07-25,7691.8
2023-07-24,7678.59
2023-07-21,7663.73
2023-07-20,7646.05
2023-07-19,7588.2
2023-07-18,7453.69
2023-07-17,7406.42
2023-07-14,7434.57
2023-07-13,7440.21
2023-07-12,7416.11
2023-07-11,7282.52
2023-07-10,7273.79
2023-07-07,7256.94
2023-07-06,7280.5
2023-07-05,7442.1
2023-07-04,7519.72
2023-07-03,7527.26
2023-06-30,7531.53
2023-06-29,7471.69
2023-06-28,7500.49
2023-06-27,7461.46
2023-06-26,7453.58
2023-06-23,7461.87
2023-06-22,7502.03
2023-06-21,7559.18
2023-06-20,7569.31
2023-06-19,7588.48
2023-06-16,7642.72
2023-06-15,7628.26
2023-06-14,7602.74
2023-06-13,7594.78
2023-06-12,7570.69
2023-06-09,7562.36
2023-06-08,7599.74
2023-06-07,7624.34
2023-06-06,7628.1
2023-06-05,7599.99
2023-06-02,7607.28
2023-06-01,7490.27
2023-05-31,7446.14
2023-05-30,7522.07
2023-05-26,7627.2
2023-05-25,7570.87
2023-05-24,7627.1
2023-05-23,7762.95
2023-05-22,7770.99
2023-05-19,7756.87
2023-05-18,7742.3
2023-05-17,7723.23
2023-05-16,7751.08
2023-05-15,7777.7
2023-05-12,7754.62
2023-05-11,7730.58
2023-05-10,7741.33
2023-05-09,7764.09
2023-05-05,7778.38
2023-05-04,7702.64
2023-05-03,7788.37
2023-05-02,7773.03
2023-04-28,7870.57
2023-04-27,7831.58
2023-04-26,7852.64
2023-04-25,7891.13
2023-04-24,7912.2
2023-04-21,7914.13
2023-04-20,7902.61
2023-04-19,7898.77
2023-04-18,7909.44
2023-04-17,7879.51
2023-04-14,7871.91
2023-04-13,7843.38
2023-04-12,7824.84
2023-04-11,7785.72
2023-04-06,7741.56
2023-04-05,7662.94
2023-04-04,7634.52
2023-04-03,7673.0
2023-03-31,7631.74
2023-03-30,7620.43
2023-03-29,7564.27
2023-03-28,7484.25
2023-03-27,7471.77
2023-03-24,7405.45
2023-03-23,7499.6
2023-03-22,7566.84
2023-03-21,7536.22
2023-03-20,7403.85
2023-03-17,7335.4
2023-03-16,7410.03
2023-03-15,7344.45
2023-03-14,7637.11
2023-03-13,7548.63
2023-03-10,7748.35
2023-03-09,7879.98
2023-03-08,7929.92
2023-03-07,7919.48
2023-03-06,7929.79
2023-03-03,7947.11
2023-03-02,7944.04
2023-03-01,7914.93
2023-02-28,7876.28
2023-02-27,7935.11
2023-02-24,7878.66
2023-02-23,7907.72
2023-02-22,7930.63
2023-02-21,7977.75
2023-02-20,8014.31
2023-02-17,8004.36
2023-02-16,8012.53
2023-02-15,7997.83
2023-02-14,7953.85
2023-02-13,7947.6
2023-02-10,7882.45
2023-02-09,7911.15
2023-02-08,7885.17
2023-02-07,7864.71
2023-02-06,7836.71
2023-02-03,7901.8
2023-02-02,7820.16
2023-02-01,7761.11
2023-01-31,7771.7
2023-01-30,7784.87
2023-01-27,7765.15
2023-01-26,7761.11
2023-01-25,7744.87
2023-01-24,7757.36
2023-01-23,7784.67
2023-01-20,7770.59
2023-01-19,7747.29
2023-01-18,7830.7
2023-01-17,7851.03
2023-01-16,7860.07
2023-01-13,7844.07
2023-01-12,7794.04
2023-01-11,7724.98
2023-01-10,7694.49
2023-01-09,7724.94
2023-01-06,7699.49
2023-01-05,7633.45
2023-01-04,7585.19
2023-01-03,7554.09
2022-12-30,7451.74
2022-12-29,7512.72
2022-12-28,7497.19
2022-12-23,7473.01
2022-12-22,7469.28
2022-12-21,7497.32
2022-12-20,7370.62
2022-12-19,7361.31
2022-12-16,7332.12
2022-12-15,7426.17
2022-12-14,7495.93
2022-12-13,7502.89
2022-12-12,7445.97
2022-12-09,7476.63
2022-12-08,7472.17
2022-12-07,7489.19
2022-12-06,7521.39
2022-12-05,7567.54
2022-12-02,7556.23
2022-12-01,7558.49
2022-11-30,7573.05
2022-11-29,7512.0
2022-11-28,7474.02
2022-11-25,7486.67
2022-11-24,7466.6
2022-11-23,7465.24
2022-11-22,7452.84
2022-11-21,7376.85
2022-11-18,7385.52
2022-11-17,7346.54
2022-11-16,7351.19
2022-11-15,7369.44
2022-11-14,7385.17
2022-11-11,7318.04
2022-11-10,7375.34
2022-11-09,7296.25
2022-11-08,7306.14
2022-11-07,7299.99
2022-11-04,7334.84
2022-11-03,7188.63
2022-11-02,7144.14
2022-11-01,7186.16
2022-10-31,7094.53
2022-10-28,7047.67
2022-10-27,7073.69
2022-10-26,7056.07
2022-10-25,7013.48
2022-10-24,7013.99
2022-10-21,6969.73
2022-10-20,6943.91
2022-10-19,6924.99
2022-10-18,6936.74
2022-10-17,6920.24
2022-10-14,6858.79
2022-10-13,6850.27
2022-10-12,6826.15
2022-10-11,6885.23
2022-10-10,6959.31
2022-10-07,6991.09
2022-10-06,6997.27
2022-10-05,7052.62
2022-10-04,7086.46
2022-10-03,6908.76
2022-09-30,6893.81
2022-09-29,6881.59
2022-09-28,7005.39
2022-09-27,6984.59
2022-09-26,7020.95
2022-09-23,7018.6
2022-09-22,7159.52
2022-09-21,7237.64
2022-09-20,7192.66
2022-09-16,7236.68
2022-09-15,7282.07
2022-09-14,7277.3
2022-09-13,7385.86
2022-09-12,7473.03
2022-09-09,7351.07
2022-09-08,7262.06
2022-09-07,7237.83
2022-09-06,7300.44
2022-09-05,7287.43
2022-09-02,7281.19
2022-09-01,7148.5
2022-08-31,7284.15
2022-08-30,7361.63
2022-08-26,7427.31
2022-08-25,7479.74
2022-08-24,7471.51
2022-08-23,7488.11
2022-08-22,7533.79
2022-08-19,7550.37
2022-08-18,7541.85
2022-08-17,7515.75
2022-08-16,7536.06
2022-08-15,7509.15
2022-08-12,7500.89
2022-08-11,7465.91
2022-08-10,7507.11
2022-08-09,7488.15
2022-08-08,7482.37
2022-08-05,7439.74
2022-08-04,7448.06
2022-08-03,7445.68
2022-08-02,7409.11
2022-08-01,7413.42
2022-07-29,7423.43
2022-07-28,7345.25
2022-07-27,7348.23
2022-07-26,7306.28
2022-07-25,7306.3
2022-07-22,7276.37
2022-07-21,7270.51
2022-07-20,7264.31
2022-07-19,7296.28
2022-07-18,7223.24
2022-07-15,7159.01
2022-07-14,7039.81
2022-07-13,7156.37
2022-07-12,7209.86
2022-07-11,7196.59
2022-07-08,7196.24
2022-07-07,7189.08
2022-07-06,7107.77
2022-07-05,7025.47
2022-07-04,7232.65
2022-07-01,7168.65
2022-06-30,7169.28
2022-06-29,7312.32
2022-06-28,7323.41
2022-06-27,7258.32
2022-06-24,7208.81
2022-06-23,7020.45
2022-06-22,7089.22
2022-06-21,7152.05
2022-06-20,7121.81
2022-06-17,7016.25
2022-06-16,7044.98
2022-06-15,7273.41
2022-06-14,7187.46
2022-06-13,7205.81
2022-06-10,7317.52
2022-06-09,7476.21
2022-06-08,7593.0
2022-06-07,7598.93
2022-06-06,7608.22
2022-06-01,7532.95
2022-05-31,7607.66
2022-05-30,7600.06
2022-05-27,7585.46
2022-05-26,7564.92
2022-05-25,7522.75
2022-05-24,7484.35
2022-05-23,7513.44
2022-05-20,7389.98
2022-05-19,7302.74
2022-05-18,7438.09
2022-05-17,7518.35
2022-05-16,7464.8
2022-05-13,7418.15
2022-05-12,7233.34
2022-05-11,7347.66
2022-05-10,7243.22
2022-05-09,7216.58
2022-05-06,7387.94
2022-05-05,7503.27
2022-05-04,7493.45
2022-05-03,7561.33
2022-04-29,7544.55
2022-04-28,7509.19
2022-04-27,7425.61
2022-04-26,7386.19
2022-04-25,7380.54
2022-04-22,7521.68
2022-04-21,7627.95
2022-04-20,7629.22
2022-04-19,7601.28
2022-04-14,7616.38
2022-04-13,7580.8
2022-04-12,7576.66
2022-04-11,7618.31
2022-04-08,7669.56
2022-04-07,7551.81
2022-04-06,7587.7
2022-04-05,7613.72
2022-04-04,7558.92
2022-04-01,7537.9
2022-03-31,7515.68
2022-03-30,7578.75
2022-03-29,7537.25
2022-03-28,7473.14
2022-03-25,7483.35
2022-03-24,7467.38
2022-03-23,7460.63
2022-03-22,7476.72
2022-03-21,7442.39
2022-03-18,7404.73
2022-03-17,7385.34
2022-03-16,7291.68
2022-03-15,7175.7
2022-03-14,7193.47
2022-03-11,7155.64
2022-03-10,7099.09
2022-03-09,7190.72
2022-03-08,6964.11
2022-03-07,6959.48
2022-03-04,6987.14
2022-03-03,7238.85
2022-03-02,7429.56
2022-03-01,7330.2
2022-02-28,7458.25
2022-02-25,7489.46
2022-02-24,7207.38
2022-02-23,7498.18
2022-02-22,7494.21
2022-02-21,7484.33
2022-02-18,7513.62
2022-02-17,7537.37
2022-02-16,7603.78
2022-02-15,7608.92
2022-02-14,7531.59
2022-02-11,7661.02
2022-02-10,7672.4
2022-02-09,7643.42
2022-02-08,7567.07
2022-02-07,7573.47
2022-02-04,7516.4
2022-02-03,7528.84
2022-02-02,7583.0
2022-02-01,7535.78
2022-01-31,7464.37
2022-01-28,7466.07
2022-01-27,7554.31
2022-01-26,7469.78
2022-01-25,7371.46
2022-01-24,7297.15
2022-01-21,7494.13
2022-01-20,7585.01
2022-01-19,7589.66
2022-01-18,7563.55
2022-01-17,7611.23
2022-01-14,7542.95
2022-01-13,7563.85
2022-01-12,7551.72
2022-01-11,7491.37
2022-01-10,7445.25
2022-01-07,7485.28
2022-01-06,7450.37
2022-01-05,7516.87
2022-01-04,7505.15
2021-12-31,7384.54
2021-12-30,7403.01
2021-12-29,7420.69
2021-12-24,7372.1
2021-12-23,7373.34
2021-12-22,7341.66
2021-12-21,7297.41
2021-12-20,7198.03
2021-12-17,7269.92
2021-12-16,7260.61
2021-12-15,7170.75
2021-12-14,7218.64
2021-12-13,7231.44
2021-12-10,7291.78
2021-12-09,7321.26
2021-12-08,7337.05
2021-12-07,7339.9
2021-12-06,7232.28
2021-12-03,7122.32
2021-12-02,7129.21
2021-12-01,7168.68
2021-11-30,7059.45
2021-11-29,7109.95
2021-11-26,7044.03
2021-11-25,7310.37
2021-11-24,7286.32
2021-11-23,7266.69
2021-11-22,7255.46
2021-11-19,7223.57
2021-11-18,7255.96
2021-11-17,7291.2
2021-11-16,7326.97
2021-11-15,7351.86
2021-11-12,7347.91
2021-11-11,7384.18
2021-11-10,7340.15
2021-11-09,7274.04
2021-11-08,7300.4
2021-11-05,7303.96
2021-11-04,7279.91
2021-11-03,7248.89
2021-11-02,7274.81
2021-11-01,7288.62
2021-10-29,7237.57
2021-10-28,7249.47
2021-10-27,7253.27
2021-10-26,7277.62
2021-10-25,7222.82
2021-10-22,7204.55
2021-10-21,7190.3
2021-10-20,7223.1
2021-10-19,7217.53
2021-10-18,7203.83
2021-10-15,7234.03
2021-10-14,7207.71
2021-10-13,7141.82
2021-10-12,7130.23
2021-10-11,7146.85
2021-10-08,7095.55
2021-10-07,7078.04
2021-10-06,6995.87
2021-10-05,7077.1
2021-10-04,7011.01
2021-10-01,7027.07
2021-09-30,7086.42
2021-09-29,7108.16
2021-09-28,7028.1
2021-09-27,7063.4
2021-09-24,7051.48
2021-09-23,7078.35
2021-09-22,7083.37
2021-09-21,6980.98
2021-09-20,6903.91
2021-09-17,6963.64
2021-09-16,7027.48
2021-09-15,7016.49
2021-09-14,7034.06
2021-09-13,7068.43
2021-09-10,7029.2
2021-09-09,7024.21
2021-09-08,7095.53
2021-09-07,7149.37
2021-09-06,7187.18
2021-09-03,7138.35
2021-09-02,7163.9
2021-09-01,7149.84
2021-08-31,7119.7
2021-08-27,7148.01
2021-08-26,7124.98
2021-08-25,7150.12
2021-08-24,7125.78
2021-08-23,7109.02
2021-08-20,7087.9
2021-08-19,7058.86
2021-08-18,7169.32
2021-08-17,7181.11
2021-08-16,7153.98
2021-08-13,7218.71
2021-08-12,7193.23
2021-08-11,7220.14
2021-08-10,7161.04
2021-08-09,7132.3
2021-08-06,7122.95
2021-08-05,7120.43
2021-08-04,7123.86
2021-08-03,7105.72
2021-08-02,7081.72
2021-07-30,7032.3
2021-07-29,7078.42
2021-07-28,7016.63
2021-07-27,6996.08
2021-07-26,7025.43
2021-07-23,7027.58
2021-07-22,6968.3
2021-07-21,6998.28
2021-07-20,6881.13
2021-07-19,6844.39
2021-07-16,7008.09
2021-07-15,7012.02
2021-07-14,7091.19
2021-07-13,7124.72
2021-07-12,7125.42
2021-07-09,7121.88
2021-07-08,7030.66
2021-07-07,7151.02
2021-07-06,7100.88
2021-07-05,7164.91
2021-07-02,7123.27
2021-07-01,7125.16
2021-06-30,7037.47
2021-06-29,7087.55
2021-06-28,7072.97
2021-06-25,7136.07
2021-06-24,7109.97
2021-06-23,7074.06
2021-06-22,7090.01
2021-06-21,7062.29
2021-06-18,7017.47
2021-06-17,7153.43
2021-06-16,7184.95
2021-06-15,7172.48
2021-06-14,7146.68
2021-06-11,7134.06
2021-06-10,7088.18
2021-06-09,7081.01
2021-06-08,7095.09
2021-06-07,7077.22
2021-06-04,7069.04
2021-06-03,7064.35
2021-06-02,7108.0
2021-06-01,7080.46
2021-05-28,7022.61
2021-05-27,7019.67
2021-05-26,7026.93
2021-05-25,7029.79
2021-05-24,7051.59
2021-05-21,7018.05
2021-05-20,7019.79
2021-05-19,6950.2
2021-05-18,7034.24
2021-05-17,7032.85
2021-05-14,7043.61
2021-05-13,6963.33
2021-05-12,7004.63
2021-05-11,6947.99
2021-05-10,7123.68
2021-05-07,7129.71
2021-05-06,7076.17
2021-05-05,7039.3
2021-05-04,6923.17
2021-04-30,6969.81
2021-04-29,6961.48
2021-04-28,6963.67
2021-04-27,6944.97
2021-04-26,6963.12
2021-04-23,6938.56
2021-04-22,6938.24
2021-04-21,6895.29
2021-04-20,6859.87
2021-04-19,7000.08
2021-04-16,7019.53
2021-04-15,6983.5
2021-04-14,6939.58
2021-04-13,6890.49
2021-04-12,6889.12
2021-04-09,6915.75
2021-04-08,6942.22
2021-04-07,6885.32
2021-04-06,6823.55
2021-04-01,6737.3
2021-03-31,6713.63
2021-03-30,6772.12
2021-03-29,6736.17
2021-03-26,6740.59
2021-03-25,6674.83
2021-03-24,6712.89
2021-03-23,6699.19
2021-03-22,6726.1
2021-03-19,6708.71
2021-03-18,6779.68
2021-03-17,6762.67
2021-03-16,6803.61
2021-03-15,6749.7
2021-03-12,6761.47
2021-03-11,6736.96
2021-03-10,6725.6
2021-03-09,6730.34
2021-03-08,6719.13
2021-03-05,6630.52
2021-03-04,6650.88
2021-03-03,6675.47
2021-03-02,6613.75
2021-03-01,6588.53
2021-02-26,6483.43
2021-02-25,6651.96
2021-02-24,6658.97
2021-02-23,6625.94
2021-02-22,6612.24
2021-02-19,6624.02
2021-02-18,6617.15
2021-02-17,6710.9
2021-02-16,6748.86
2021-02-15,6756.11
2021-02-12,6589.79
2021-02-11,6528.72
2021-02-10,6524.36
2021-02-09,6531.56
2021-02-08,6523.53
2021-02-05,6489.33
2021-02-04,6503.72
2021-02-03,6507.82
2021-02-02,6516.65
2021-02-01,6466.42
2021-01-29,6407.46
2021-01-28,6526.15
2021-01-27,6567.37
2021-01-26,6654.01
2021-01-25,6638.85
2021-01-22,6695.07
2021-01-21,6715.42
2021-01-20,6740.39
2021-01-19,6712.95
2021-01-18,6720.65
2021-01-15,6735.71
2021-01-14,6801.96
2021-01-13,6745.52
2021-01-12,6754.11
2021-01-11,6798.48
2021-01-08,6873.26
2021-01-07,6856.96
2021-01-06,6841.86
2021-01-05,6612.25
2021-01-04,6571.88
2020-12-31,6460.52
2020-12-30,6555.82
2020-12-29,6602.65
2020-12-24,6502.11
2020-12-23,6495.75
2020-12-22,6453.16
2020-12-21,6416.32
2020-12-18,6529.18
2020-12-17,6551.06
2020-12-16,6570.91
2020-12-15,6513.32
2020-12-14,6531.83
2020-12-11,6546.75
2020-12-10,6599.76
2020-12-09,6564.29
2020-12-08,6558.82
2020-12-07,6555.39
2020-12-04,6550.23
2020-12-03,6490.27
2020-12-02,6463.39
2020-12-01,6384.73
2020-11-30,6266.19
2020-11-27,6367.58
2020-11-26,6362.93
2020-11-25,6391.09
2020-11-24,6432.17
2020-11-23,6333.84
2020-11-20,6351.45
2020-11-19,6334.35
2020-11-18,6385.24
2020-11-17,6365.33
2020-11-16,6421.29
2020-11-13,6316.39
2020-11-12,6338.94
2020-11-11,6382.1
2020-11-10,6296.85
2020-11-09,6186.29
2020-11-06,5910.02
2020-11-05,5906.18
2020-11-04,5883.26
2020-11-03,5786.77
2020-11-02,5654.97
2020-10-30,5577.27
2020-10-29,5581.75
2020-10-28,5582.8
2020-10-27,5728.99
2020-10-26,5792.01
2020-10-23,5860.28
2020-10-22,5785.65
2020-10-21,5776.5
2020-10-20,5889.22
2020-10-19,5884.65
2020-10-16,5919.58
2020-10-15,5832.52
2020-10-14,5935.06
2020-10-13,5969.71
2020-10-12,6001.38
2020-10-09,6016.65
2020-10-08,5978.03
2020-10-07,5946.25
2020-10-06,5949.94
2020-10-05,5942.94
2020-10-02,5902.12
2020-10-01,5879.45
2020-09-30,5866.1
2020-09-29,5897.5
2020-09-28,5927.93
2020-09-25,5842.67
2020-09-24,5822.78
2020-09-23,5899.26
2020-09-22,5829.46
2020-09-21,5804.29
2020-09-18,6007.05
2020-09-17,6049.92
2020-09-16,6078.48
2020-09-15,6105.54
2020-09-14,6026.25
2020-09-11,6032.09
2020-09-10,6003.32
2020-09-09,6012.84
2020-09-08,5930.3
2020-09-07,5937.4
2020-09-04,5799.08
2020-09-03,5850.86
2020-09-02,5940.95
2020-09-01,5862.05
2020-08-28,5963.57
2020-08-27,5999.99
2020-08-26,6045.6
2020-08-25,6037.01
2020-08-24,6104.73
2020-08-21,6001.89
2020-08-20,6013.34
2020-08-19,6111.98
2020-08-18,6076.62
2020-08-17,6127.44
2020-08-14,6090.04
2020-08-13,6185.62
2020-08-12,6280.12
2020-08-11,6154.34
2020-08-10,6050.59
2020-08-07,6032.18
2020-08-06,6026.94
2020-08-05,6104.72
2020-08-04,6036.0
2020-08-03,6032.85
2020-07-31,5897.76
2020-07-30,5989.99
2020-07-29,6131.46
2020-07-28,6129.26
2020-07-27,6104.88
2020-07-24,6123.82
2020-07-23,6211.44
2020-07-22,6207.1
2020-07-21,6269.73
2020-07-20,6261.52
2020-07-17,6290.3
2020-07-16,6250.69
2020-07-15,6292.65
2020-07-14,6179.75
2020-07-13,6176.19
2020-07-10,6095.41
2020-07-09,6049.62
2020-07-08,6156.16
2020-07-07,6189.9
2020-07-06,6285.94
2020-07-03,6157.3
2020-07-02,6240.36
2020-07-01,6157.96
2020-06-30,6169.74
2020-06-29,6225.77
2020-06-26,6159.3
2020-06-25,6147.14
2020-06-24,6123.69
2020-06-23,6320.12
2020-06-22,6244.62
2020-06-19,6292.6
2020-06-18,6224.07
2020-06-17,6253.25
2020-06-16,6242.79
2020-06-15,6064.7
2020-06-12,6105.18
2020-06-11,6076.7
2020-06-10,6329.13
2020-06-09,6335.72
2020-06-08,6472.59
2020-06-05,6484.3
2020-06-04,6341.44
2020-06-03,6382.41
2020-06-02,6220.14
2020-06-01,6166.42
2020-05-29,6076.6
2020-05-28,6218.79
2020-05-27,6144.25
2020-05-26,6067.76
2020-05-22,5993.28
2020-05-21,6015.25
2020-05-20,6067.16
2020-05-19,6002.23
2020-05-18,6048.59
2020-05-15,5799.77
2020-05-14,5741.54
2020-05-13,5904.05
2020-05-12,5994.77
2020-05-11,5939.73
2020-05-07,5935.98
2020-05-06,5853.76
2020-05-05,5849.42
2020-05-04,5753.78
2020-05-01,5763.06
2020-04-30,5901.21
2020-04-29,6115.25
2020-04-28,5958.5
2020-04-27,5846.79
2020-04-24,5752.23
2020-04-23,5826.61
2020-04-22,5770.63
2020-04-21,5641.03
2020-04-20,5812.83
2020-04-17,5786.96
2020-04-16,5628.43
2020-04-15,5597.65
2020-04-14,5791.31
2020-04-09,5842.66
2020-04-08,5677.73
2020-04-07,5704.45
2020-04-06,5582.39
2020-04-03,5415.5
2020-04-02,5480.22
2020-04-01,5454.57
2020-03-31,5671.96
2020-03-30,5563.74
2020-03-27,5510.33
2020-03-26,5815.73
2020-03-25,5688.2
2020-03-24,5446.01
2020-03-23,4993.89
2020-03-20,5190.78
2020-03-19,5151.61
2020-03-18,5080.58
2020-03-17,5294.9
2020-03-16,5151.08
2020-03-13,5366.11
2020-03-12,5237.48
2020-03-11,5876.52
2020-03-10,5960.23
2020-03-09,5965.77
2020-03-06,6462.55
2020-03-05,6705.43
2020-03-04,6815.59
2020-03-03,6718.2
2020-03-02,6654.89
2020-02-28,6580.61
2020-02-27,6796.4
2020-02-26,7042.47
2020-02-25,7017.88
2020-02-24,7156.83
2020-02-21,7403.92
2020-02-20,7436.64
2020-02-19,7457.02
2020-02-18,7382.01
2020-02-17,7433.25
2020-02-14,7409.13
2020-02-13,7452.03
2020-02-12,7534.37
2020-02-11,7499.44
2020-02-10,7446.88
2020-02-07,7466.7
2020-02-06,7504.79
2020-02-05,7482.48
2020-02-04,7439.82
2020-02-03,7326.31
2020-01-31,7286.01
2020-01-30,7381.96
2020-01-29,7483.57
2020-01-28,7480.69
2020-01-27,7412.05
2020-01-24,7585.98
2020-01-23,7507.67
2020-01-22,7571.92
2020-01-21,7610.7
2020-01-20,7651.44
2020-01-17,7674.56
2020-01-16,7609.81
2020-01-15,7642.8
2020-01-14,7622.35
2020-01-13,7617.6
2020-01-10,7587.85
2020-01-09,7598.12
2020-01-08,7574.93
2020-01-07,7573.85
2020-01-06,7575.34
2020-01-03,7622.4
2020-01-02,7604.3
2019-12-31,7542.44
2019-12-30,7587.05
2019-12-27,7644.9
2019-12-24,7632.24
2019-12-23,7623.59
2019-12-20,7582.48
2019-12-19,7573.82
2019-12-18,7540.75
2019-12-17,7525.28
2019-12-16,7519.05
2019-12-13,7353.44
2019-12-12,7273.47
2019-12-11,7216.25
2019-12-10,7213.76
2019-12-09,7233.9
2019-12-06,7239.66
2019-12-05,7137.85
2019-12-04,7188.5
2019-12-03,7158.76
2019-12-02,7285.94
2019-11-29,7346.53
2019-11-28,7416.43
2019-11-27,7429.78
2019-11-26,7403.14
2019-11-25,7396.29
2019-11-22,7326.81
2019-11-21,7238.55
2019-11-20,7262.49
2019-11-19,7323.8
2019-11-18,7307.7
2019-11-15,7302.94
2019-11-14,7292.76
2019-11-13,7351.21
2019-11-12,7365.44
2019-11-11,7328.54
2019-11-08,7359.38
2019-11-07,7406.41
2019-11-06,7396.65
2019-11-05,7388.08
2019-11-04,7369.69
2019-11-01,7302.42
2019-10-31,7248.38
2019-10-30,7330.78
2019-10-29,7306.26
2019-10-28,7331.28
2019-10-25,7324.47
2019-10-24,7328.25
2019-10-23,7260.74
2019-10-22,7212.49
2019-10-21,7163.64
2019-10-18,7150.57
2019-10-17,7182.32
2019-10-16,7167.95
2019-10-15,7211.64
2019-10-14,7213.45
2019-10-11,7247.08
2019-10-10,7186.36
2019-10-09,7166.5
2019-10-08,7143.15
2019-10-07,7197.88
2019-10-04,7155.38
2019-10-03,7077.64
2019-10-02,7122.54
2019-10-01,7360.32
2019-09-30,7408.21
2019-09-27,7426.21
2019-09-26,7351.08
2019-09-25,7289.99
2019-09-24,7291.43
2019-09-23,7326.08
2019-09-20,7344.92
2019-09-19,7356.42
2019-09-18,7314.05
2019-09-17,7320.4
2019-09-16,7321.41
2019-09-13,7367.46
2019-09-12,7344.67
2019-09-11,7338.03
2019-09-10,7267.95
2019-09-09,7235.81
2019-09-06,7282.34
2019-09-05,7271.17
2019-09-04,7311.26
2019-09-03,7268.19
2019-09-02,7281.94
2019-08-30,7207.18
2019-08-29,7184.32
2019-08-28,7114.71
2019-08-27,7089.58
2019-08-23,7094.98
2019-08-22,7128.18
2019-08-21,7203.97
2019-08-20,7125.0
2019-08-19,7189.65
2019-08-16,7117.15
2019-08-15,7067.01
2019-08-14,7147.88
2019-08-13,7250.9
2019-08-12,7226.72
2019-08-09,7253.85
2019-08-08,7285.9
2019-08-07,7198.7
2019-08-06,7171.69
2019-08-05,7223.85
2019-08-02,7407.06
2019-08-01,7584.87
2019-07-31,7586.78
2019-07-30,7646.77
2019-07-29,7686.61
2019-07-26,7549.06
2019-07-25,7489.05
2019-07-24,7501.46
2019-07-23,7556.86
2019-07-22,7514.93
2019-07-19,7508.7
2019-07-18,7493.09
2019-07-17,7535.46
2019-07-16,7577.2
2019-07-15,7531.72
2019-07-12,7505.97
2019-07-11,7509.82
2019-07-10,7530.69
2019-07-09,7536.47
2019-07-08,7549.27
2019-07-05,7553.14
2019-07-04,7603.58
2019-07-03,7609.32
2019-07-02,7559.19
2019-07-01,7497.5
2019-06-28,7425.63
2019-06-27,7402.33
2019-06-26,7416.39
2019-06-25,7422.43
2019-06-24,7416.69
2019-06-21,7407.5
2019-06-20,7424.44
2019-06-19,7403.54
2019-06-18,7443.04
2019-06-17,7357.31
2019-06-14,7345.78
2019-06-13,7368.57
2019-06-12,7367.62
2019-06-11,7398.45
2019-06-10,7375.54
2019-06-07,7331.94
2019-06-06,7259.85
2019-06-05,7220.22
2019-06-04,7214.29
2019-06-03,7184.8
2019-05-31,7161.71
2019-05-30,7218.16
2019-05-29,7185.3
2019-05-28,7268.95
2019-05-24,7277.73
2019-05-23,7231.04
2019-05-22,7334.19
2019-05-21,7328.92
2019-05-20,7310.88
2019-05-17,7348.62
2019-05-16,7353.51
2019-05-15,7296.95
2019-05-14,7241.6
2019-05-13,7163.68
2019-05-10,7203.29
2019-05-09,7207.41
2019-05-08,7271.0
2019-05-07,7260.47
2019-05-03,7380.64
2019-05-02,7351.31
2019-05-01,7385.26
2019-04-30,7418.22
2019-04-29,7440.66
2019-04-26,7428.19
2019-04-25,7434.13
2019-04-24,7471.75
2019-04-23,7523.07
2019-04-18,7459.88
2019-04-17,7471.32
2019-04-16,7469.92
2019-04-15,7436.87
2019-04-12,7437.06
2019-04-11,7417.95
2019-04-10,7421.91
2019-04-09,7425.57
2019-04-08,7451.89
2019-04-05,7446.87
2019-04-04,7401.94
2019-04-03,7418.28
2019-04-02,7391.12
2019-04-01,7317.38
2019-03-29,7279.19
2019-03-28,7234.33
2019-03-27,7194.19
2019-03-26,7196.29
2019-03-25,7177.58
2019-03-22,7207.59
2019-03-21,7355.31
2019-03-20,7291.01
2019-03-19,7324.0
2019-03-18,7299.19
2019-03-15,7228.28
2019-03-14,7185.43
2019-03-13,7159.19
2019-03-12,7151.15
2019-03-11,7130.62
2019-03-08,7104.31
2019-03-07,7157.55
2019-03-06,7196.0
2019-03-05,7183.43
2019-03-04,7134.39
2019-03-01,7106.73
2019-02-28,7074.73
2019-02-27,7107.2
2019-02-26,7151.12
2019-02-25,7183.74
2019-02-22,7178.6
2019-02-21,7167.39
2019-02-20,7228.62
2019-02-19,7179.17
2019-02-18,7219.47
2019-02-15,7236.68
2019-02-14,7197.01
2019-02-13,7190.84
2019-02-12,7133.14
2019-02-11,7129.11
2019-02-08,7071.18
2019-02-07,7093.58
2019-02-06,7173.09
2019-02-05,7177.37
2019-02-04,7034.13
2019-02-01,7020.22
2019-01-31,6968.85
2019-01-30,6941.63
2019-01-29,6833.93
2019-01-28,6747.1
2019-01-25,6809.22
2019-01-24,6818.95
2019-01-23,6842.88
2019-01-22,6901.39
2019-01-21,6970.59
2019-01-18,6968.33
2019-01-17,6834.92
2019-01-16,6862.68
2019-01-15,6895.02
2019-01-14,6855.02
2019-01-11,6918.18
2019-01-10,6942.87
2019-01-09,6906.63
2019-01-08,6861.6
2019-01-07,6810.88
2019-01-04,6837.42
2019-01-03,6692.66
2019-01-02,6734.23
2018-12-31,6728.13
2018-12-28,6733.97
2018-12-27,6584.68
2018-12-24,6685.99
2018-12-21,6721.17
2018-12-20,6711.93
2018-12-19,6765.94
2018-12-18,6701.59
2018-12-17,6773.24
2018-12-14,6845.17
2018-12-13,6877.5
2018-12-12,6880.19
2018-12-11,6806.94
2018-12-10,6721.54
2018-12-07,6778.11
2018-12-06,6704.05
2018-12-05,6921.84
2018-12-04,7022.76
2018-12-03,7062.41
2018-11-30,6980.24
2018-11-29,7038.95
2018-11-28,7004.52
2018-11-27,7016.85
2018-11-26,7036.0
2018-11-23,6952.86
2018-11-22,6960.32
2018-11-21,7050.23
2018-11-20,6947.92
2018-11-19,7000.89
2018-11-16,7013.88
2018-11-15,7038.01
2018-11-14,7033.79
2018-11-13,7053.76
2018-11-12,7053.08
2018-11-09,7105.34
2018-11-08,7140.68
2018-11-07,7117.28
2018-11-06,7040.68
2018-11-05,7103.84
2018-11-02,7094.12
2018-11-01,7114.66
2018-10-31,7128.1
2018-10-30,7035.85
2018-10-29,7026.32
2018-10-26,6939.56
2018-10-25,7004.1
2018-10-24,6962.98
2018-10-23,6955.21
2018-10-22,7042.8
2018-10-19,7049.8
2018-10-18,7026.99
2018-10-17,7054.6
2018-10-16,7059.4
2018-10-15,7029.22
2018-10-12,6995.91
2018-10-11,7006.93
2018-10-10,7145.74
2018-10-09,7237.59
2018-10-08,7233.33
2018-10-05,7318.54
2018-10-04,7418.34
2018-10-03,7510.28
2018-10-02,7474.55
2018-10-01,7495.67
2018-09-28,7510.2
2018-09-27,7545.44
2018-09-26,7511.49
2018-09-25,7507.56
2018-09-24,7458.41
2018-09-21,7490.23
2018-09-20,7367.32
2018-09-19,7331.12
2018-09-18,7300.23
2018-09-17,7302.1
2018-09-14,7304.04
2018-09-13,7281.57
2018-09-12,7313.36
2018-09-11,7273.54
2018-09-10,7279.3
2018-09-07,7277.7
2018-09-06,7318.96
2018-09-05,7383.28
2018-09-04,7457.86
2018-09-03,7504.6
2018-08-31,7432.42
2018-08-30,7516.03
2018-08-29,7563.21
2018-08-28,7617.22
2018-08-24,7577.49
2018-08-23,7563.22
2018-08-22,7574.24
2018-08-21,7565.7
2018-08-20,7591.26
2018-08-17,7558.59
2018-08-16,7556.38
2018-08-15,7497.87
2018-08-14,7611.64
2018-08-13,7642.45
2018-08-10,7667.01
2018-08-09,7741.77
2018-08-08,7776.65
2018-08-07,7718.48
2018-08-06,7663.78
2018-08-03,7659.1
2018-08-02,7575.93
2018-08-01,7652.91
2018-07-31,7748.76
2018-07-30,7700.85
2018-07-27,7701.31
2018-07-26,7663.17
2018-07-25,7658.26
2018-07-24,7709.05
2018-07-23,7655.79
2018-07-20,7678.79
2018-07-19,7683.97
2018-07-18,7676.28
2018-07-17,7626.33
2018-07-16,7600.45
2018-07-13,7661.87
2018-07-12,7651.33
2018-07-11,7591.96
2018-07-10,7692.04
2018-07-09,7687.99
2018-07-06,7617.7
2018-07-05,7603.22
2018-07-04,7573.09
2018-07-03,7593.29
2018-07-02,7547.85
2018-06-29,7636.93
2018-06-28,7615.63
2018-06-27,7621.69
2018-06-26,7537.92
2018-06-25,7509.84
2018-06-22,7682.27
2018-06-21,7556.44
2018-06-20,7627.4
2018-06-19,7603.85
2018-06-18,7631.33
2018-06-15,7633.91
2018-06-14,7765.79
2018-06-13,7703.71
2018-06-12,7703.81
2018-06-11,7737.43
2018-06-08,7681.07
2018-06-07,7704.4
2018-06-06,7712.37
2018-06-05,7686.8
2018-06-04,7741.29
2018-06-01,7701.77
2018-05-31,7678.2
2018-05-30,7689.57
2018-05-29,7632.64
2018-05-25,7730.28
2018-05-24,7716.74
2018-05-23,7788.44
2018-05-22,7877.45
2018-05-21,7859.17
2018-05-18,7778.79
2018-05-17,7787.97
2018-05-16,7734.2
2018-05-15,7722.98
2018-05-14,7710.98
2018-05-11,7724.55
2018-05-10,7700.97
2018-05-09,7662.52
2018-05-08,7565.75
2018-05-04,7567.14
2018-05-03,7502.69
2018-05-02,7543.2
2018-05-01,7520.36
2018-04-30,7509.3
2018-04-27,7502.21
2018-04-26,7421.43
2018-04-25,7379.32
2018-04-24,7425.4
2018-04-23,7398.87
2018-04-20,7368.17
2018-04-19,7328.92
2018-04-18,7317.34
2018-04-17,7226.05
2018-04-16,7198.2
2018-04-13,7264.56
2018-04-12,7258.34
2018-04-11,7257.14
2018-04-10,7266.75
2018-04-09,7194.75
2018-04-06,7183.64
2018-04-05,7199.5
2018-04-04,7034.01
2018-04-03,7030.46
2018-03-29,7056.61
2018-03-28,7044.74
2018-03-27,7000.14
2018-03-26,6888.69
2018-03-23,6921.94
2018-03-22,6952.59
2018-03-21,7038.97
2018-03-20,7061.27
2018-03-19,7042.93
2018-03-16,7164.14
2018-03-15,7139.76
2018-03-14,7132.69
2018-03-13,7138.78
2018-03-12,7214.76
2018-03-09,7224.51
2018-03-08,7203.24
2018-03-07,7157.84
2018-03-06,7146.75
2018-03-05,7115.98
2018-03-02,7069.9
2018-03-01,7175.64
2018-02-28,7231.91
2018-02-27,7282.45
2018-02-26,7289.58
2018-02-23,7244.41
2018-02-22,7252.39
2018-02-21,7281.57
2018-02-20,7246.77
2018-02-19,7247.66
2018-02-16,7294.7
2018-02-15,7234.81
2018-02-14,7213.97
2018-02-13,7168.01
2018-02-12,7177.06
2018-02-09,7092.43
2018-02-08,7170.69
2018-02-07,7279.42
2018-02-06,7141.4
2018-02-05,7334.98
2018-02-02,7443.43
2018-02-01,7490.39
2018-01-31,7533.55
2018-01-30,7587.98
2018-01-29,7671.53
2018-01-26,7665.54
2018-01-25,7615.84
2018-01-24,7643.43
2018-01-23,7731.83
2018-01-22,7715.44
2018-01-19,7730.79
2018-01-18,7700.96
2018-01-17,7725.43
2018-01-16,7755.93
2018-01-15,7769.14
2018-01-12,7778.64
2018-01-11,7762.94
2018-01-10,7748.51
2018-01-09,7731.02
2018-01-08,7696.51
2018-01-05,7724.22
2018-01-04,7695.88
2018-01-03,7671.11
2018-01-02,7648.1
2017-12-29,7687.77
2017-12-28,7622.88
2017-12-27,7620.68
2017-12-22,7592.66
2017-12-21,7603.98
2017-12-20,7525.22
2017-12-19,7544.09
2017-12-18,7537.01
2017-12-15,7490.57
2017-12-14,7448.12
2017-12-13,7496.51
2017-12-12,7500.41
2017-12-11,7453.48
2017-12-08,7393.96
2017-12-07,7320.75
2017-12-06,7348.03
2017-12-05,7327.5
2017-12-04,7338.97
2017-12-01,7300.49
2017-11-30,7326.67
2017-11-29,7393.56
2017-11-28,7460.65
2017-11-27,7383.9
2017-11-24,7409.64
2017-11-23,7417.24
2017-11-22,7419.02
2017-11-21,7411.34
2017-11-20,7389.46
2017-11-17,7380.68
2017-11-16,7386.94
2017-11-15,7372.61
2017-11-14,7414.42
2017-11-13,7415.18
2017-11-10,7432.99
2017-11-09,7484.1
2017-11-08,7529.72
2017-11-07,7513.11
2017-11-06,7562.28
2017-11-03,7560.35
2017-11-02,7555.32
2017-11-01,7487.96
2017-10-31,7493.08
2017-10-30,7487.81
2017-10-27,7505.03
2017-10-26,7486.5
2017-10-25,7447.21
2017-10-24,7526.54
2017-10-23,7524.45
2017-10-20,7523.23
2017-10-19,7523.04
2017-10-18,7542.87
2017-10-17,7516.17
2017-10-16,7526.97
2017-10-13,7535.44
2017-10-12,7556.24
2017-10-11,7533.81
2017-10-10,7538.27
2017-10-09,7507.89
2017-10-06,7522.87
2017-10-05,7507.99
2017-10-04,7467.58
2017-10-03,7468.11
2017-10-02,7438.84
2017-09-29,7372.76
2017-09-28,7322.82
2017-09-27,7313.51
2017-09-26,7285.74
2017-09-25,7301.29
2017-09-22,7310.64
2017-09-21,7263.9
2017-09-20,7271.95
2017-09-19,7275.25
2017-09-18,7253.28
2017-09-15,7215.47
2017-09-14,7295.39
2017-09-13,7379.7
2017-09-12,7400.69
2017-09-11,7413.59
2017-09-08,7377.6
2017-09-07,7396.98
2017-09-06,7354.13
2017-09-05,7372.92
2017-09-04,7411.47
2017-09-01,7438.5
2017-08-31,7430.62
2017-08-30,7365.26
2017-08-29,7337.43
2017-08-25,7401.46
2017-08-24,7407.06
2017-08-23,7382.65
2017-08-22,7381.74
2017-08-21,7318.88
2017-08-18,7323.98
2017-08-17,7387.87
2017-08-16,7433.03
2017-08-15,7383.85
2017-08-14,7353.89
2017-08-11,7309.96
2017-08-10,7389.94
2017-08-09,7498.06
2017-08-08,7542.73
2017-08-07,7531.94
2017-08-04,7511.71
2017-08-03,7474.77
2017-08-02,7411.43
2017-08-01,7423.66
2017-07-31,7372.0
2017-07-28,7368.37
2017-07-27,7443.01
2017-07-26,7452.32
2017-07-25,7434.82
2017-07-24,7377.73
2017-07-21,7452.91
2017-07-20,7487.87
2017-07-19,7430.91
2017-07-18,7390.22
2017-07-17,7404.13
2017-07-14,7378.39
2017-07-13,7413.44
2017-07-12,7416.93
2017-07-11,7329.76
2017-07-10,7370.03
2017-07-07,7350.92
2017-07-06,7337.28
2017-07-05,7367.6
2017-07-04,7357.23
2017-07-03,7377.09
2017-06-30,7312.72
2017-06-29,7350.32
2017-06-28,7387.8
2017-06-27,7434.36
2017-06-26,7446.8
2017-06-23,7424.13
2017-06-22,7439.29
2017-06-21,7447.79
2017-06-20,7472.71
2017-06-19,7523.81
2017-06-16,7463.54
2017-06-15,7419.36
2017-06-14,7474.4
2017-06-13,7500.44
2017-06-12,7511.87
2017-06-09,7527.33
2017-06-08,7449.98
2017-06-07,7478.62
2017-06-06,7524.95
2017-06-05,7525.76
2017-06-02,7547.63
2017-06-01,7543.77
2017-05-31,7519.95
2017-05-30,7526.51
2017-05-26,7547.63
2017-05-25,7517.71
2017-05-24,7514.9
2017-05-23,7485.29
2017-05-22,7496.34
2017-05-19,7470.71
2017-05-18,7436.42
2017-05-17,7503.47
2017-05-16,7522.03
2017-05-15,7454.37
2017-05-12,7435.39
2017-05-11,7386.63
2017-05-10,7385.24
2017-05-09,7342.21
2017-05-08,7300.86
2017-05-05,7297.43
2017-05-04,7248.1
2017-05-03,7234.53
2017-05-02,7250.05
2017-04-28,7203.94
2017-04-27,7237.17
2017-04-26,7288.72
2017-04-25,7275.64
2017-04-24,7264.68
2017-04-21,7114.55
2017-04-20,7118.54
2017-04-19,7114.36
2017-04-18,7147.5
2017-04-13,7327.59
2017-04-12,7348.99
2017-04-11,7365.5
2017-04-10,7348.94
2017-04-07,7349.37
2017-04-06,7303.2
2017-04-05,7331.68
2017-04-04,7321.82
2017-04-03,7282.69
2017-03-31,7322.92
2017-03-30,7369.52
2017-03-29,7373.72
2017-03-28,7343.42
2017-03-27,7293.5
2017-03-24,7336.82
2017-03-23,7340.71
2017-03-22,7324.72
2017-03-21,7378.34
2017-03-20,7429.81
2017-03-17,7424.96
2017-03-16,7415.95
2017-03-15,7368.64
2017-03-14,7357.85
2017-03-13,7367.08
2017-03-10,7343.08
2017-03-09,7314.96
2017-03-08,7334.61
2017-03-07,7338.99
2017-03-06,7350.12
2017-03-03,7374.26
2017-03-02,7382.35
2017-03-01,7382.9
2017-02-28,7263.44
2017-02-27,7253.0
2017-02-24,7243.7
2017-02-23,7271.37
2017-02-22,7302.25
2017-02-21,7274.83
2017-02-20,7299.86
2017-02-17,7299.96
2017-02-16,7277.92
2017-02-15,7302.41
2017-02-14,7268.56
2017-02-13,7278.92
2017-02-10,7258.75
2017-02-09,7229.5
2017-02-08,7188.82
2017-02-07,7186.22
2017-02-06,7172.15
2017-02-03,7188.3
2017-02-02,7140.75
2017-02-01,7107.65
2017-01-31,7099.15
2017-01-30,7118.48
2017-01-27,7184.49
2017-01-26,7161.49
2017-01-25,7164.43
2017-01-24,7150.34
2017-01-23,7151.18
2017-01-20,7198.44
2017-01-19,7208.44
2017-01-18,7247.61
2017-01-17,7220.38
2017-01-16,7327.13
2017-01-13,7337.81
2017-01-12,7292.37
2017-01-11,7290.49
2017-01-10,7275.47
2017-01-09,7237.77
2017-01-06,7210.05
2017-01-05,7195.31
2017-01-04,7189.74
2017-01-03,7177.89
2016-12-30,7142.83
2016-12-29,7120.26
2016-12-28,7106.08
2016-12-23,7068.17
2016-12-22,7063.68
2016-12-21,7041.42
2016-12-20,7043.96
2016-12-19,7017.16
2016-12-16,7011.64
2016-12-15,6999.01
2016-12-14,6949.19
2016-12-13,6968.57
2016-12-12,6890.42
2016-12-09,6954.21
2016-12-08,6931.55
2016-12-07,6902.23
2016-12-06,6779.84
2016-12-05,6746.83
2016-12-02,6730.72
2016-12-01,6752.93
2016-11-30,6783.79
2016-11-29,6772.0
2016-11-28,6799.47
2016-11-25,6840.75
2016-11-24,6829.2
2016-11-23,6817.71
2016-11-22,6819.72
2016-11-21,6777.96
2016-11-18,6775.77
2016-11-17,6794.71
2016-11-16,6749.72
2016-11-15,6792.74
2016-11-14,6753.18
2016-11-11,6730.43
2016-11-10,6827.98
2016-11-09,6911.84
2016-11-08,6843.13
2016-11-07,6806.9
2016-11-04,6693.26
2016-11-03,6790.51
2016-11-02,6845.42
2016-11-01,6917.14
2016-10-31,6954.22
2016-10-28,6996.26
2016-10-27,6986.57
2016-10-26,6958.09
2016-10-25,7017.64
2016-10-24,6986.4
2016-10-21,7020.47
2016-10-20,7026.9
2016-10-19,7021.92
2016-10-18,7000.06
2016-10-17,6947.55
2016-10-14,7013.55
2016-10-13,6977.74
2016-10-12,7024.01
2016-10-11,7070.88
2016-10-10,7097.5
2016-10-07,7044.39
2016-10-06,6999.96
2016-10-05,7033.25
2016-10-04,7074.34
2016-10-03,6983.52
2016-09-30,6899.33
2016-09-29,6919.42
2016-09-28,6849.38
2016-09-27,6807.67
2016-09-26,6818.04
2016-09-23,6909.43
2016-09-22,6911.4
2016-09-21,6834.77
2016-09-20,6830.79
2016-09-19,6813.55
2016-09-16,6710.28
2016-09-15,6730.3
2016-09-14,6673.31
2016-09-13,6665.63
2016-09-12,6700.9
2016-09-09,6776.95
2016-09-08,6858.7
2016-09-07,6846.58
2016-09-06,6826.05
2016-09-05,6879.42
2016-09-02,6894.6
2016-09-01,6745.97
2016-08-31,6781.51
2016-08-30,6820.79
2016-08-26,6838.05
2016-08-25,6816.9
2016-08-24,6835.78
2016-08-23,6868.51
2016-08-22,6828.54
2016-08-19,6858.95
2016-08-18,6868.96
2016-08-17,6859.15
2016-08-16,6893.92
2016-08-15,6941.19
2016-08-12,6916.02
2016-08-11,6914.71
2016-08-10,6866.42
2016-08-09,6851.3
2016-08-08,6809.13
2016-08-05,6793.47
2016-08-04,6740.16
2016-08-03,6634.4
2016-08-02,6645.4
2016-08-01,6693.95
2016-07-29,6724.43
2016-07-28,6721.06
2016-07-27,6750.43
2016-07-26,6724.03
2016-07-25,6710.13
2016-07-22,6730.48
2016-07-21,6699.89
2016-07-20,6728.99
2016-07-19,6697.37
2016-07-18,6695.42
2016-07-15,6669.24
2016-07-14,6654.47
2016-07-13,6670.4
2016-07-12,6680.69
2016-07-11,6682.86
2016-07-08,6590.64
2016-07-07,6533.79
2016-07-06,6463.59
2016-07-05,6545.37
2016-07-04,6522.26
2016-07-01,6577.83
2016-06-30,6504.33
2016-06-29,6360.06
2016-06-28,6140.39
2016-06-27,5982.2
2016-06-24,6138.69
2016-06-23,6338.1
2016-06-22,6261.19
2016-06-21,6226.55
2016-06-20,6204.0
2016-06-17,6021.09
2016-06-16,5950.48
2016-06-15,5966.8
2016-06-14,5923.53
2016-06-13,6044.97
2016-06-10,6115.76
2016-06-09,6231.89
2016-06-08,6301.52
2016-06-07,6284.53
2016-06-06,6273.4
2016-06-03,6209.63
2016-06-02,6185.61
2016-06-01,6191.93
2016-05-31,6230.79
2016-05-27,6270.79
2016-05-26,6265.65
2016-05-25,6262.85
2016-05-24,6219.26
2016-05-23,6136.43
2016-05-20,6156.32
2016-05-19,6053.35
2016-05-18,6165.8
2016-05-17,6167.77
2016-05-16,6151.4
2016-05-13,6138.5
2016-05-12,6104.19
2016-05-11,6162.49
2016-05-10,6156.65
2016-05-09,6114.81
2016-05-06,6125.7
2016-05-05,6117.25
2016-05-04,6112.02
2016-05-03,6185.59
2016-04-29,6241.89
2016-04-28,6322.4
2016-04-27,6319.91
2016-04-26,6284.52
2016-04-25,6260.92
2016-04-22,6310.44
2016-04-21,6381.44
2016-04-20,6410.26
2016-04-19,6405.35
2016-04-18,6353.52
2016-04-15,6343.75
2016-04-14,6365.1
2016-04-13,6362.89
2016-04-12,6242.39
2016-04-11,6200.12
2016-04-08,6204.41
2016-04-07,6136.89
2016-04-06,6161.63
2016-04-05,6091.23
2016-04-04,6164.72
2016-04-01,6146.05
2016-03-31,6174.9
2016-03-30,6203.17
2016-03-29,6105.9
2016-03-24,6106.48
2016-03-23,6199.11
2016-03-22,6192.74
2016-03-21,6184.58
2016-03-18,6189.64
2016-03-17,6201.12
2016-03-16,6175.49
2016-03-15,6139.97
2016-03-14,6174.57
2016-03-11,6139.79
2016-03-10,6036.7
2016-03-09,6146.32
2016-03-08,6125.44
2016-03-07,6182.4
2016-03-04,6199.43
2016-03-03,6130.46
2016-03-02,6147.06
2016-03-01,6152.88
2016-02-29,6097.09
2016-02-26,6096.01
2016-02-25,6012.81
2016-02-24,5867.18
2016-02-23,5962.31
2016-02-22,6037.73
2016-02-19,5950.23
2016-02-18,5971.95
2016-02-17,6030.32
2016-02-16,5862.17
2016-02-15,5824.28
2016-02-12,5707.6
2016-02-11,5536.97
2016-02-10,5672.3
2016-02-09,5632.19
2016-02-08,5689.36
2016-02-05,5848.06
2016-02-04,5898.76
2016-02-03,5837.14
2016-02-02,5922.01
2016-02-01,6060.1
2016-01-29,6083.79
2016-01-28,5931.78
2016-01-27,5990.37
2016-01-26,5911.46
2016-01-25,5877.0
2016-01-22,5900.01
2016-01-21,5773.79
2016-01-20,5673.58
2016-01-19,5876.8
2016-01-18,5779.92
2016-01-15,5804.1
2016-01-14,5918.23
2016-01-13,5960.97
2016-01-12,5929.24
2016-01-11,5871.83
2016-01-08,5912.44
2016-01-07,5954.08
2016-01-06,6073.38
2016-01-05,6137.24
2016-01-04,6093.43
2015-12-31,6242.32
2015-12-30,6274.05
2015-12-29,6314.57
2015-12-24,6254.64
2015-12-23,6240.98
2015-12-22,6083.1
2015-12-21,6034.84
2015-12-18,6052.42
2015-12-17,6102.54
2015-12-16,6061.19
2015-12-15,6017.79
2015-12-14,5874.06
2015-12-11,5952.78
2015-12-10,6088.05
2015-12-09,6126.68
2015-12-08,6135.22
2015-12-07,6223.52
2015-12-04,6238.29
2015-12-03,6275.0
2015-12-02,6420.93
2015-12-01,6395.65
2015-11-30,6356.09
2015-11-27,6375.15
2015-11-26,6393.13
2015-11-25,6337.64
2015-11-24,6277.23
2015-11-23,6305.49
2015-11-20,6334.63
2015-11-19,6329.93
2015-11-18,6278.97
2015-11-17,6268.76
2015-11-16,6146.38
2015-11-13,6118.28
2015-11-12,6178.68
2015-11-11,6297.2
2015-11-10,6275.28
2015-11-09,6295.16
2015-11-06,6353.83
2015-11-05,6364.9
2015-11-04,6412.88
2015-11-03,6383.61
2015-11-02,6361.8
2015-10-30,6361.09
2015-10-29,6395.8
2015-10-28,6437.8
2015-10-27,6365.27
2015-10-26,6417.02
2015-10-23,6444.08
2015-10-22,6376.28
2015-10-21,6348.42
2015-10-20,6345.13
2015-10-19,6352.33
2015-10-16,6378.04
2015-10-15,6338.67
2015-10-14,6269.61
2015-10-13,6342.28
2015-10-12,6371.18
2015-10-09,6416.16
2015-10-08,6374.82
2015-10-07,6336.35
2015-10-06,6326.16
2015-10-05,6298.92
2015-10-02,6129.98
2015-10-01,6072.47
2015-09-30,6061.61
2015-09-29,5909.24
2015-09-28,5958.86
2015-09-25,6109.01
2015-09-24,5961.49
2015-09-23,6032.24
2015-09-22,5935.84
2015-09-21,6108.71
2015-09-18,6104.11
2015-09-17,6186.99
2015-09-16,6229.21
2015-09-15,6137.6
2015-09-14,6084.59
2015-09-11,6117.76
2015-09-10,6155.81
2015-09-09,6229.01
2015-09-08,6146.1
2015-09-07,6074.52
2015-09-04,6042.92
2015-09-03,6194.1
2015-09-02,6083.31
2015-09-01,6058.54
2015-08-28,6247.94
2015-08-27,6192.03
2015-08-26,5979.2
2015-08-25,6081.34
2015-08-24,5898.87
2015-08-21,6187.65
2015-08-20,6367.89
2015-08-19,6403.45
2015-08-18,6526.29
2015-08-17,6550.3
2015-08-14,6550.74
2015-08-13,6568.33
2015-08-12,6571.19
2015-08-11,6664.54
2015-08-10,6736.22
2015-08-07,6718.49
2015-08-06,6747.09
2015-08-05,6752.41
2015-08-04,6686.57
2015-08-03,6688.62
2015-07-31,6696.28
2015-07-30,6668.87
2015-07-29,6631.0
2015-07-28,6555.28
2015-07-27,6505.13
2015-07-24,6579.81
2015-07-23,6655.01
2015-07-22,6667.34
2015-07-21,6769.07
2015-07-20,6788.69
2015-07-17,6775.08
2015-07-16,6796.45
2015-07-15,6753.75
2015-07-14,6753.75
2015-07-13,6737.95
2015-07-10,6673.38
2015-07-09,6581.63
2015-07-08,6490.7
2015-07-07,6432.21
2015-07-06,6535.68
2015-07-03,6585.78
2015-07-02,6630.47
2015-07-01,6608.59
2015-06-30,6520.98
2015-06-29,6620.48
2015-06-26,6753.7
2015-06-25,6807.82
2015-06-24,6844.8
2015-06-23,6834.87
2015-06-22,6825.67
2015-06-19,6710.45
2015-06-18,6707.88
2015-06-17,6680.55
2015-06-16,6710.1
2015-06-15,6710.52
2015-06-12,6784.92
2015-06-11,6846.74
2015-06-10,6830.27
2015-06-09,6753.8
2015-06-08,6790.04
2015-06-05,6804.6
2015-06-04,6859.24
2015-06-03,6950.46
2015-06-02,6928.27
2015-06-01,6953.58
2015-05-29,6984.43
2015-05-28,7040.92
2015-05-27,7033.33
2015-05-26,6948.99
2015-05-22,7031.72
2015-05-21,7013.47
2015-05-20,7007.26
2015-05-19,6995.1
2015-05-18,6968.87
2015-05-15,6960.49
2015-05-14,6973.04
2015-05-13,6949.63
2015-05-12,6933.8
2015-05-11,7029.85
2015-05-08,7046.82
2015-05-07,6886.95
2015-05-06,6933.74
2015-05-05,6927.58
2015-05-01,6985.95
2015-04-30,6960.63
2015-04-29,6946.28
2015-04-28,7030.53
2015-04-27,7103.98
2015-04-24,7070.7
2015-04-23,7053.67
2015-04-22,7028.24
2015-04-21,7062.93
2015-04-20,7052.13
2015-04-17,6994.63
2015-04-16,7060.45
2015-04-15,7096.78
2015-04-14,7075.26
2015-04-13,7064.3
2015-04-10,7089.77
2015-04-09,7015.36
2015-04-08,6937.41
2015-04-07,6961.77
2015-04-02,6833.46
2015-04-01,6809.5
2015-03-31,6773.04
2015-03-30,6891.43
2015-03-27,6855.02
2015-03-26,6895.33
2015-03-25,6990.97
2015-03-24,7019.68
2015-03-23,7037.67
2015-03-20,7022.51
2015-03-19,6962.32
2015-03-18,6945.2
2015-03-17,6837.61
2015-03-16,6804.08
2015-03-13,6740.58
2015-03-12,6761.07
2015-03-11,6721.51
2015-03-10,6702.84
2015-03-09,6876.47
2015-03-06,6911.8
2015-03-05,6961.14
2015-03-04,6919.24
2015-03-03,6889.13
2015-03-02,6940.64
2015-02-27,6946.66
2015-02-26,6949.73
2015-02-25,6935.38
2015-02-24,6949.63
2015-02-23,6912.16
2015-02-20,6915.2
2015-02-19,6888.9
2015-02-18,6898.08
2015-02-17,6898.13
2015-02-16,6857.05
2015-02-13,6873.52
2015-02-12,6828.11
2015-02-11,6818.17
2015-02-10,6829.12
2015-02-09,6837.15
2015-02-06,6853.44
2015-02-05,6865.93
2015-02-04,6860.02
2015-02-03,6871.8
2015-02-02,6782.55
2015-01-30,6749.4
2015-01-29,6810.6
2015-01-28,6825.94
2015-01-27,6811.61
2015-01-26,6852.4
2015-01-23,6832.83
2015-01-22,6796.63
2015-01-21,6728.04
2015-01-20,6620.1
2015-01-19,6585.53
2015-01-16,6550.27
2015-01-15,6498.78
2015-01-14,6388.46
2015-01-13,6542.2
2015-01-12,6501.42
2015-01-09,6501.14
2015-01-08,6569.96
2015-01-07,6419.83
2015-01-06,6366.51
2015-01-05,6417.16
2015-01-02,6547.8
2014-12-31,6566.09
2014-12-30,6547.0
2014-12-29,6633.51
2014-12-24,6609.93
2014-12-23,6598.18
2014-12-22,6576.74
2014-12-19,6545.27
2014-12-18,6466.0
2014-12-17,6336.48
2014-12-16,6331.83
2014-12-15,6182.72
2014-12-12,6300.63
2014-12-11,6461.7
2014-12-10,6500.04
2014-12-09,6529.47
2014-12-08,6672.15
2014-12-05,6742.84
2014-12-04,6679.37
2014-12-03,6716.63
2014-12-02,6742.1
2014-12-01,6656.37
2014-11-28,6722.62
2014-11-27,6723.42
2014-11-26,6729.17
2014-11-25,6731.14
2014-11-24,6729.79
2014-11-21,6750.76
2014-11-20,6678.9
2014-11-19,6696.6
2014-11-18,6709.13
2014-11-17,6671.97
2014-11-14,6654.37
2014-11-13,6635.45
2014-11-12,6611.04
2014-11-11,6627.4
2014-11-10,6611.25
2014-11-07,6567.24
2014-11-06,6551.15
2014-11-05,6539.14
2014-11-04,6453.97
2014-11-03,6487.97
2014-10-31,6546.47
2014-10-30,6463.55
2014-10-29,6453.87
2014-10-28,6402.17
2014-10-27,6363.46
2014-10-24,6388.73
2014-10-23,6419.15
2014-10-22,6399.73
2014-10-21,6372.33
2014-10-20,6267.07
2014-10-17,6310.29
2014-10-16,6195.91
2014-10-15,6211.64
2014-10-14,6392.68
2014-10-13,6366.24
2014-10-10,6339.97
2014-10-09,6431.85
2014-10-08,6482.24
2014-10-07,6495.58
2014-10-06,6563.65
2014-10-03,6527.91
2014-10-02,6446.39
2014-10-01,6557.52
2014-09-30,6622.72
2014-09-29,6646.6
2014-09-26,6649.39
2014-09-25,6639.71
2014-09-24,6706.27
2014-09-23,6676.08
2014-09-22,6773.63
2014-09-19,6837.92
2014-09-18,6819.29
2014-09-17,6780.9
2014-09-16,6792.24
2014-09-15,6804.21
2014-09-12,6806.96
2014-09-11,6799.62
2014-09-10,6830.11
2014-09-09,6829.0
2014-09-08,6834.77
2014-09-05,6855.1
2014-09-04,6877.97
2014-09-03,6873.58
2014-09-02,6829.17
2014-09-01,6825.31
2014-08-29,6819.75
2014-08-28,6805.8
2014-08-27,6830.66
2014-08-26,6822.76
2014-08-22,6775.25
2014-08-21,6777.66
2014-08-20,6755.48
2014-08-19,6779.31
2014-08-18,6741.25
2014-08-15,6689.08
2014-08-14,6685.26
2014-08-13,6656.68
2014-08-12,6632.42
2014-08-11,6632.82
2014-08-08,6567.36
2014-08-07,6597.37
2014-08-06,6636.16
2014-08-05,6682.48
2014-08-04,6677.52
2014-08-01,6679.18
2014-07-31,6730.11
2014-07-30,6773.44
2014-07-29,6807.75
2014-07-28,6788.07
2014-07-25,6791.55
2014-07-24,6821.46
2014-07-23,6798.15
2014-07-22,6795.34
2014-07-21,6728.44
2014-07-18,6749.45
2014-07-17,6738.32
2014-07-16,6784.67
2014-07-15,6710.45
2014-07-14,6746.14
2014-07-11,6690.17
2014-07-10,6672.37
2014-07-09,6718.04
2014-07-08,6738.45
2014-07-07,6823.51
2014-07-04,6866.05
2014-07-03,6865.21
2014-07-02,6816.37
2014-07-01,6802.92
2014-06-30,6743.94
2014-06-27,6757.77
2014-06-26,6735.12
2014-06-25,6733.62
2014-06-24,6787.07
2014-06-23,6800.56
2014-06-20,6825.2
2014-06-19,6808.11
2014-06-18,6778.56
2014-06-17,6766.77
2014-06-16,6754.64
2014-06-13,6777.85
2014-06-12,6843.11
2014-06-11,6838.87
2014-06-10,6873.55
2014-06-09,6875.0
2014-06-06,6858.21
2014-06-05,6813.49
2014-06-04,6818.63
2014-06-03,6836.3
2014-06-02,6864.1
2014-05-30,6844.51
2014-05-29,6871.29
2014-05-28,6851.22
2014-05-27,6844.94
2014-05-23,6815.75
2014-05-22,6820.56
2014-05-21,6821.04
2014-05-20,6802.0
2014-05-19,6844.55
2014-05-16,6855.81
2014-05-15,6840.89
2014-05-14,6878.49
2014-05-13,6873.08
2014-05-12,6851.75
2014-05-09,6814.57
2014-05-08,6839.25
2014-05-07,6796.44
2014-05-06,6798.56
2014-05-02,6822.42
2014-05-01,6808.87
2014-04-30,6780.03
2014-04-29,6769.91
2014-04-28,6700.16
2014-04-25,6685.69
2014-04-24,6703.0
2014-04-23,6674.74
2014-04-22,6681.76
2014-04-17,6625.25
2014-04-16,6584.17
2014-04-15,6541.61
2014-04-14,6583.76
2014-04-11,6561.7
2014-04-10,6641.97
2014-04-09,6635.61
2014-04-08,6590.69
2014-04-07,6622.84
2014-04-04,6695.55
2014-04-03,6649.14
2014-04-02,6659.04
2014-04-01,6652.61
2014-03-31,6598.37
2014-03-28,6615.58
2014-03-27,6588.32
2014-03-26,6605.3
2014-03-25,6604.89
2014-03-24,6520.39
2014-03-21,6557.17
2014-03-20,6542.44
2014-03-19,6573.13
2014-03-18,6605.28
2014-03-17,6568.35
2014-03-14,6527.89
2014-03-13,6553.78
2014-03-12,6620.9
2014-03-11,6685.52
2014-03-10,6689.45
2014-03-07,6712.67
2014-03-06,6788.49
2014-03-05,6775.42
2014-03-04,6823.77
2014-03-03,6708.35
2014-02-28,6809.7
2014-02-27,6810.27
2014-02-26,6799.15
2014-02-25,6830.5
2014-02-24,6865.86
2014-02-21,6838.06
2014-02-20,6812.99
2014-02-19,6796.71
2014-02-18,6796.43
2014-02-17,6736.0
2014-02-14,6663.62
2014-02-13,6659.42
2014-02-12,6675.03
2014-02-11,6672.66
2014-02-10,6591.55
2014-02-07,6571.68
2014-02-06,6558.28
2014-02-05,6457.89
2014-02-04,6449.27
2014-02-03,6465.66
2014-01-31,6510.44
2014-01-30,6538.45
2014-01-29,6544.28
2014-01-28,6572.33
2014-01-27,6550.66
2014-01-24,6663.74
2014-01-23,6773.28
2014-01-22,6826.33
2014-01-21,6834.26
2014-01-20,6836.73
2014-01-17,6829.3
2014-01-16,6815.42
2014-01-15,6819.86
2014-01-14,6766.86
2014-01-13,6757.15
2014-01-10,6739.94
2014-01-09,6691.34
2014-01-08,6721.78
2014-01-07,6755.45
2014-01-06,6730.73
2014-01-03,6730.67
2014-01-02,6717.91
2013-12-31,6749.09
2013-12-30,6731.27
2013-12-27,6750.87
2013-12-24,6694.17
2013-12-23,6678.61
2013-12-20,6606.58
2013-12-19,6584.7
2013-12-18,6492.08
2013-12-17,6486.19
2013-12-16,6522.2
2013-12-13,6439.96
2013-12-12,6445.25
2013-12-11,6507.72
2013-12-10,6523.31
2013-12-09,6559.48
2013-12-06,6551.99
2013-12-05,6498.33
2013-12-04,6509.97
2013-12-03,6532.43
2013-12-02,6595.33
2013-11-29,6650.57
2013-11-28,6654.47
2013-11-27,6649.47
2013-11-26,6636.22
2013-11-25,6694.62
2013-11-22,6674.3
2013-11-21,6681.33
2013-11-20,6681.08
2013-11-19,6698.01
2013-11-18,6723.46
2013-11-15,6693.44
2013-11-14,6666.13
2013-11-13,6630.0
2013-11-12,6726.79
2013-11-11,6728.37
2013-11-08,6708.42
2013-11-07,6697.22
2013-11-06,6741.69
2013-11-05,6746.84
2013-11-04,6763.62
2013-11-01,6734.74
2013-10-31,6731.43
2013-10-30,6777.7
2013-10-29,6774.73
2013-10-28,6725.82
2013-10-25,6721.34
2013-10-24,6713.18
2013-10-23,6674.48
2013-10-22,6695.66
2013-10-21,6654.2
2013-10-18,6622.58
2013-10-17,6576.16
2013-10-16,6571.59
2013-10-15,6549.11
2013-10-14,6507.65
2013-10-11,6487.19
2013-10-10,6430.49
2013-10-09,6337.91
2013-10-08,6365.83
2013-10-07,6437.28
2013-10-04,6453.88
2013-10-03,6449.04
2013-10-02,6437.5
2013-10-01,6460.01
2013-09-30,6462.22
2013-09-27,6512.66
2013-09-26,6565.59
2013-09-25,6551.53
2013-09-24,6571.46
2013-09-23,6557.37
2013-09-20,6596.43
2013-09-19,6625.39
2013-09-18,6558.82
2013-09-17,6570.17
2013-09-16,6622.86
2013-09-13,6583.8
2013-09-12,6588.98
2013-09-11,6588.43
2013-09-10,6583.99
2013-09-09,6530.74
2013-09-06,6547.33
2013-09-05,6532.44
2013-09-04,6474.74
2013-09-03,6468.41
2013-09-02,6506.19
2013-08-30,6412.93
2013-08-29,6483.05
2013-08-28,6430.06
2013-08-27,6440.97
2013-08-23,6492.1
2013-08-22,6446.87
2013-08-21,6390.84
2013-08-20,6453.46
2013-08-19,6465.73
2013-08-16,6499.99
2013-08-15,6483.34
2013-08-14,6587.43
2013-08-13,6611.94
2013-08-12,6574.34
2013-08-09,6583.39
2013-08-08,6529.68
2013-08-07,6511.21
2013-08-06,6604.21
2013-08-05,6619.58
2013-08-02,6647.87
2013-08-01,6681.98
2013-07-31,6621.06
2013-07-30,6570.95
2013-07-29,6560.25
2013-07-26,6554.79
2013-07-25,6587.95
2013-07-24,6620.43
2013-07-23,6597.44
2013-07-22,6623.17
2013-07-19,6630.67
2013-07-18,6634.36
2013-07-17,6571.93
2013-07-16,6556.35
2013-07-15,6586.11
2013-07-12,6544.94
2013-07-11,6543.41
2013-07-10,6504.96
2013-07-09,6513.08
2013-07-08,6450.07
2013-07-05,6375.52
2013-07-04,6421.67
2013-07-03,6229.87
2013-07-02,6303.94
2013-07-01,6307.78
2013-06-28,6215.47
2013-06-27,6243.4
2013-06-26,6165.48
2013-06-25,6101.91
2013-06-24,6029.1
2013-06-21,6116.17
2013-06-20,6159.51
2013-06-19,6348.82
2013-06-18,6374.21
2013-06-17,6330.49
2013-06-14,6308.26
2013-06-13,6304.63
2013-06-12,6299.45
2013-06-11,6340.08
2013-06-10,6400.45
2013-06-07,6411.99
2013-06-06,6336.11
2013-06-05,6419.31
2013-06-04,6558.58
2013-06-03,6525.12
2013-05-31,6583.09
2013-05-30,6656.99
2013-05-29,6627.17
2013-05-28,6762.01
2013-05-24,6654.34
2013-05-23,6696.79
2013-05-22,6840.27
2013-05-21,6803.87
2013-05-20,6755.63
2013-05-17,6723.06
2013-05-16,6687.8
2013-05-15,6693.55
2013-05-14,6686.06
2013-05-13,6631.76
2013-05-10,6624.98
2013-05-09,6592.74
2013-05-08,6583.48
2013-05-07,6557.3
2013-05-03,6521.46
2013-05-02,6460.71
2013-05-01,6451.29
2013-04-30,6430.12
2013-04-29,6458.02
2013-04-26,6426.42
2013-04-25,6442.59
2013-04-24,6431.76
2013-04-23,6406.12
2013-04-22,6280.62
2013-04-19,6286.59
2013-04-18,6243.67
2013-04-17,6244.21
2013-04-16,6304.58
2013-04-15,6343.6
2013-04-12,6384.39
2013-04-11,6416.14
2013-04-10,6387.37
2013-04-09,6313.21
2013-04-08,6276.94
2013-04-05,6249.78
2013-04-04,6344.12
2013-04-03,6420.28
2013-04-02,6490.66
2013-03-28,6411.74
2013-03-27,6387.56
2013-03-26,6399.37
2013-03-25,6378.38
2013-03-22,6392.76
2013-03-21,6388.55
2013-03-20,6432.7
2013-03-19,6441.32
2013-03-18,6457.92
2013-03-15,6489.65
2013-03-14,6529.41
2013-03-13,6481.5
2013-03-12,6510.62
2013-03-11,6503.63
2013-03-08,6483.58
2013-03-07,6439.16
2013-03-06,6427.64
2013-03-05,6431.95
2013-03-04,6345.63
2013-03-01,6378.6
2013-02-28,6360.81
2013-02-27,6325.88
2013-02-26,6270.44
2013-02-25,6355.37
2013-02-22,6335.7
2013-02-21,6291.54
2013-02-20,6395.37
2013-02-19,6379.07
2013-02-18,6318.19
2013-02-15,6328.26
2013-02-14,6327.36
2013-02-13,6359.11
2013-02-12,6338.38
2013-02-11,6277.06
2013-02-08,6263.93
2013-02-07,6228.42
2013-02-06,6295.34
2013-02-05,6282.76
2013-02-04,6246.84
2013-02-01,6347.24
2013-01-31,6276.88
2013-01-30,6323.11
2013-01-29,6339.19
2013-01-28,6294.41
2013-01-25,6284.45
2013-01-24,6264.91
2013-01-23,6197.64
2013-01-22,6179.17
2013-01-21,6180.98
2013-01-18,6154.41
2013-01-17,6132.36
2013-01-16,6103.98
2013-01-15,6117.31
2013-01-14,6107.86
2013-01-11,6121.58
2013-01-10,6101.51
2013-01-09,6098.65
2013-01-08,6053.63
2013-01-07,6064.58
2013-01-04,6089.84
2013-01-03,6047.34
2013-01-02,6027.37
2012-12-31,5897.81
2012-12-28,5925.37
2012-12-27,5954.3
2012-12-24,5954.18
2012-12-21,5939.99
2012-12-20,5958.34
2012-12-19,5961.59
2012-12-18,5935.9
2012-12-17,5912.15
2012-12-14,5921.76
2012-12-13,5929.61
2012-12-12,5945.85
2012-12-11,5924.97
2012-12-10,5921.63
2012-12-07,5914.4
2012-12-06,5901.42
2012-12-05,5892.08
2012-12-04,5869.04
2012-12-03,5871.24
2012-11-30,5866.82
2012-11-29,5870.3
2012-11-28,5803.28
2012-11-27,5799.71
2012-11-26,5786.72
2012-11-23,5819.14
2012-11-22,5791.03
2012-11-21,5752.03
2012-11-20,5748.1
2012-11-19,5737.66
2012-11-16,5605.59
2012-11-15,5677.75
2012-11-14,5722.01
2012-11-13,5786.25
2012-11-12,5767.27
2012-11-09,5769.68
2012-11-08,5776.05
2012-11-07,5791.63
2012-11-06,5884.9
2012-11-05,5839.06
2012-11-02,5868.55
2012-11-01,5861.92
2012-10-31,5782.7
2012-10-30,5849.9
2012-10-29,5795.1
2012-10-26,5806.71
2012-10-25,5805.05
2012-10-24,5804.78
2012-10-23,5797.91
2012-10-22,5882.91
2012-10-19,5896.15
2012-10-18,5917.05
2012-10-17,5910.91
2012-10-16,5870.54
2012-10-15,5805.61
2012-10-12,5793.32
2012-10-11,5829.75
2012-10-10,5776.71
2012-10-09,5810.25
2012-10-08,5841.74
2012-10-05,5871.02
2012-10-04,5827.78
2012-10-03,5825.81
2012-10-02,5809.45
2012-10-01,5820.45
2012-09-28,5742.07
2012-09-27,5779.42
2012-09-26,5768.09
2012-09-25,5859.71
2012-09-24,5838.84
2012-09-21,5852.62
2012-09-20,5854.64
2012-09-19,5888.48
2012-09-18,5868.16
2012-09-17,5893.52
2012-09-14,5915.55
2012-09-13,5819.92
2012-09-12,5782.08
2012-09-11,5792.19
2012-09-10,5793.2
2012-09-07,5794.8
2012-09-06,5777.34
2012-09-05,5657.86
2012-09-04,5672.01
2012-09-03,5758.41
2012-08-31,5711.48
2012-08-30,5719.45
2012-08-29,5743.53
2012-08-28,5775.71
2012-08-24,5776.6
2012-08-23,5776.6
2012-08-22,5774.2
2012-08-21,5857.52
2012-08-20,5824.37
2012-08-17,5852.42
2012-08-16,5834.51
2012-08-15,5833.04
2012-08-14,5864.78
2012-08-13,5831.88
2012-08-10,5847.11
2012-08-09,5851.51
2012-08-08,5845.92
2012-08-07,5841.24
2012-08-06,5808.77
2012-08-03,5787.28
2012-08-02,5662.3
2012-08-01,5712.82
2012-07-31,5635.28
2012-07-30,5693.63
2012-07-27,5627.21
2012-07-26,5573.16
2012-07-25,5498.32
2012-07-24,5499.23
2012-07-23,5533.87
2012-07-20,5651.77
2012-07-19,5714.19
2012-07-18,5685.77
2012-07-17,5629.09
2012-07-16,5662.43
2012-07-13,5666.13
2012-07-12,5608.25
2012-07-11,5664.48
2012-07-10,5664.07
2012-07-09,5627.33
2012-07-06,5662.63
2012-07-05,5692.63
2012-07-04,5684.47
2012-07-03,5687.73
2012-07-02,5640.64
2012-06-29,5571.15
2012-06-28,5493.06
2012-06-27,5523.92
2012-06-26,5446.96
2012-06-25,5450.65
2012-06-22,5513.69
2012-06-21,5566.36
2012-06-20,5622.29
2012-06-19,5586.31
2012-06-18,5491.09
2012-06-15,5478.81
2012-06-14,5467.05
2012-06-13,5483.81
2012-06-12,5473.74
2012-06-11,5432.37
2012-06-08,5435.08
2012-06-07,5447.79
2012-06-06,5384.11
2012-06-01,5260.19
2012-05-31,5320.86
2012-05-30,5297.28
2012-05-29,5391.14
2012-05-28,5356.34
2012-05-25,5351.53
2012-05-24,5350.05
2012-05-23,5266.41
2012-05-22,5403.28
2012-05-21,5304.48
2012-05-18,5267.62
2012-05-17,5338.38
2012-05-16,5405.25
2012-05-15,5437.62
2012-05-14,5465.52
2012-05-11,5575.52
2012-05-10,5543.95
2012-05-09,5530.05
2012-05-08,5554.55
2012-05-04,5655.06
2012-05-03,5766.55
2012-05-02,5758.11
2012-05-01,5812.23
2012-04-30,5737.78
2012-04-27,5777.11
2012-04-26,5748.72
2012-04-25,5718.89
2012-04-24,5709.49
2012-04-23,5665.57
2012-04-20,5772.15
2012-04-19,5744.55
2012-04-18,5745.29
2012-04-17,5766.95
2012-04-16,5666.28
2012-04-13,5651.79
2012-04-12,5710.46
2012-04-11,5634.74
2012-04-10,5595.55
2012-04-05,5723.67
2012-04-04,5703.77
2012-04-03,5838.34
2012-04-02,5874.89
2012-03-30,5768.45
2012-03-29,5742.03
2012-03-28,5808.99
2012-03-27,5869.55
2012-03-26,5902.7
2012-03-23,5854.89
2012-03-22,5845.65
2012-03-21,5891.95
2012-03-20,5891.41
2012-03-19,5961.11
2012-03-16,5965.58
2012-03-15,5940.72
2012-03-14,5945.43
2012-03-13,5955.91
2012-03-12,5892.75
2012-03-09,5887.49
2012-03-08,5859.73
2012-03-07,5791.41
2012-03-06,5765.8
2012-03-05,5874.82
2012-03-02,5911.13
2012-03-01,5931.25
2012-02-29,5871.51
2012-02-28,5927.91
2012-02-27,5915.55
2012-02-24,5935.13
2012-02-23,5937.89
2012-02-22,5916.55
2012-02-21,5928.2
2012-02-20,5945.25
2012-02-17,5905.07
2012-02-16,5885.38
2012-02-15,5892.16
2012-02-14,5899.87
2012-02-13,5905.7
2012-02-10,5852.39
2012-02-09,5895.47
2012-02-08,5875.93
2012-02-07,5890.26
2012-02-06,5892.2
2012-02-03,5901.07
2012-02-02,5796.07
2012-02-01,5790.72
2012-01-31,5681.61
2012-01-30,5671.09
2012-01-27,5733.45
2012-01-26,5795.2
2012-01-25,5723.0
2012-01-24,5751.9
2012-01-23,5782.56
2012-01-20,5728.55
2012-01-19,5741.15
2012-01-18,5702.37
2012-01-17,5693.95
2012-01-16,5657.44
2012-01-13,5636.64
2012-01-12,5662.42
2012-01-11,5670.82
2012-01-10,5696.7
2012-01-09,5612.26
2012-01-06,5649.68
2012-01-05,5624.26
2012-01-04,5668.45
2012-01-03,5699.91
2011-12-30,5572.28
2011-12-29,5566.77
2011-12-28,5507.4
2011-12-23,5512.7
2011-12-22,5456.97
2011-12-21,5389.74
2011-12-20,5419.6
2011-12-19,5364.99
2011-12-16,5387.34
2011-12-15,5400.85
2011-12-14,5366.8
2011-12-13,5490.15
2011-12-12,5427.86
2011-12-09,5529.21
2011-12-08,5483.77
2011-12-07,5546.91
2011-12-06,5568.72
2011-12-05,5567.96
2011-12-02,5552.29
2011-12-01,5489.34
2011-11-30,5505.42
2011-11-29,5337.0
2011-11-28,5312.76
2011-11-25,5164.65
2011-11-24,5127.57
2011-11-23,5139.78
2011-11-22,5206.82
2011-11-21,5222.6
2011-11-18,5362.94
2011-11-17,5423.14
2011-11-16,5509.02
2011-11-15,5517.44
2011-11-14,5519.04
2011-11-11,5545.38
2011-11-10,5444.82
2011-11-09,5460.38
2011-11-08,5567.34
2011-11-07,5510.82
2011-11-04,5527.16
2011-11-03,5545.64
2011-11-02,5484.1
2011-11-01,5421.57
2011-10-31,5544.22
2011-10-28,5702.24
2011-10-27,5713.82
2011-10-26,5553.24
2011-10-25,5525.54
2011-10-24,5548.06
2011-10-21,5488.65
2011-10-20,5384.68
2011-10-19,5450.49
2011-10-18,5410.35
2011-10-17,5436.7
2011-10-14,5466.36
2011-10-13,5403.38
2011-10-12,5441.8
2011-10-11,5395.7
2011-10-10,5399.0
2011-10-07,5303.4
2011-10-06,5291.26
2011-10-05,5102.17
2011-10-04,4944.44
2011-10-03,5075.5
2011-09-30,5128.48
2011-09-29,5196.84
2011-09-28,5217.63
2011-09-27,5294.05
2011-09-26,5089.37
2011-09-23,5066.81
2011-09-22,5041.61
2011-09-21,5288.41
2011-09-20,5363.71
2011-09-19,5259.56
2011-09-16,5368.41
2011-09-15,5337.54
2011-09-14,5227.02
2011-09-13,5174.25
2011-09-12,5129.62
2011-09-09,5214.65
2011-09-08,5340.38
2011-09-07,5318.59
2011-09-06,5156.84
2011-09-05,5102.58
2011-09-02,5292.03
2011-09-01,5418.65
2011-08-31,5394.53
2011-08-30,5268.66
2011-08-26,5129.92
2011-08-25,5131.1
2011-08-24,5205.85
2011-08-23,5129.42
2011-08-22,5095.3
2011-08-19,5040.76
2011-08-18,5092.23
2011-08-17,5331.6
2011-08-16,5357.63
2011-08-15,5350.58
2011-08-12,5320.03
2011-08-11,5168.24
2011-08-10,5007.16
2011-08-09,5164.92
2011-08-08,5077.5
2011-08-05,5068.95
2011-08-04,5393.14
2011-08-03,5584.51
2011-08-02,5718.39
2011-08-01,5774.43
2011-07-29,5815.19
2011-07-28,5873.21
2011-07-27,5856.58
2011-07-26,5929.73
2011-07-25,5925.26
2011-07-22,5935.02
2011-07-21,5899.89
2011-07-20,5853.82
2011-07-19,5789.99
2011-07-18,5752.81
2011-07-15,5843.66
2011-07-14,5846.95
2011-07-13,5904.19
2011-07-12,5868.96
2011-07-11,5929.16
2011-07-08,5990.58
2011-07-07,6054.55
2011-07-06,6002.92
2011-07-05,6024.03
2011-07-04,6017.54
2011-07-01,5989.76
2011-06-30,5945.71
2011-06-29,5855.95
2011-06-28,5766.88
2011-06-27,5722.34
2011-06-24,5697.72
2011-06-23,5674.38
2011-06-22,5772.99
2011-06-21,5775.31
2011-06-20,5693.39
2011-06-17,5714.94
2011-06-16,5698.81
2011-06-15,5742.55
2011-06-14,5803.13
2011-06-13,5773.46
2011-06-10,5769.3
2011-06-09,5856.34
2011-06-08,5808.89
2011-06-07,5864.65
2011-06-06,5863.16
2011-06-03,5855.01
2011-06-02,5847.92
2011-06-01,5928.61
2011-05-31,5989.99
2011-05-27,5938.87
2011-05-26,5880.99
2011-05-25,5870.14
2011-05-24,5858.41
2011-05-23,5835.89
2011-05-20,5948.49
2011-05-19,5955.99
2011-05-18,5923.49
2011-05-17,5861.0
2011-05-16,5923.69
2011-05-13,5925.87
2011-05-12,5944.96
2011-05-11,5976.0
2011-05-10,6018.89
2011-05-09,5942.69
2011-05-06,5976.77
2011-05-05,5919.98
2011-05-04,5984.07
2011-05-03,6082.88
2011-04-28,6069.9
2011-04-27,6068.16
2011-04-26,6069.36
2011-04-21,6018.3
2011-04-20,6022.26
2011-04-19,5896.87
2011-04-18,5870.08
2011-04-15,5996.01
2011-04-14,5963.8
2011-04-13,6010.44
2011-04-12,5964.47
2011-04-11,6053.44
2011-04-08,6055.75
2011-04-07,6007.37
2011-04-06,6041.13
2011-04-05,6007.06
2011-04-04,6016.98
2011-04-01,6009.92
2011-03-31,5938.66
2011-03-30,5948.3
2011-03-29,5932.17
2011-03-28,5904.49
2011-03-25,5900.76
2011-03-24,5880.87
2011-03-23,5795.88
2011-03-22,5762.71
2011-03-21,5786.09
2011-03-18,5720.8
2011-03-17,5693.8
2011-03-16,5598.23
2011-03-15,5695.28
2011-03-14,5775.24
2011-03-11,5828.67
2011-03-10,5845.29
2011-03-09,5937.3
2011-03-08,5961.82
2011-03-07,5973.78
2011-03-04,5990.39
2011-03-03,6005.09
2011-03-02,5914.89
2011-03-01,5953.87
2011-02-28,5994.01
2011-02-25,6001.2
2011-02-24,5919.98
2011-02-23,5923.53
2011-02-22,5996.76
2011-02-21,6014.8
2011-02-18,6082.99
2011-02-17,6087.38
2011-02-16,6085.27
2011-02-15,6037.08
2011-02-14,6063.56
2011-02-11,6062.9
2011-02-10,6020.01
2011-02-09,6052.29
2011-02-08,6091.33
2011-02-07,6044.16
2011-02-04,5997.38
2011-02-03,5983.34
2011-02-02,5996.56
2011-02-01,5957.82
2011-01-31,5862.94
2011-01-28,5881.37
2011-01-27,5965.08
2011-01-26,5977.63
2011-01-25,5917.71
2011-01-24,5943.85
2011-01-21,5896.25
2011-01-20,5867.91
2011-01-19,5976.7
2011-01-18,6056.43
2011-01-17,5985.7
2011-01-14,5988.12
2011-01-13,6023.88
2011-01-12,6050.72
2011-01-11,6014.03
2011-01-10,5956.3
2011-01-07,5984.33
2011-01-06,6019.51
2011-01-05,6043.86
2011-01-04,6013.87
2010-12-31,5899.94
2010-12-30,5971.01
2010-12-29,5996.36
2010-12-24,6008.92
2010-12-23,5996.07
2010-12-22,5983.49
2010-12-21,5951.8
2010-12-20,5894.1
2010-12-17,5871.75
2010-12-16,5881.12
2010-12-15,5882.18
2010-12-14,5891.21
2010-12-13,5860.75
2010-12-10,5812.95
2010-12-09,5807.96
2010-12-08,5794.53
2010-12-07,5808.45
2010-12-06,5770.28
2010-12-03,5756.66
2010-12-02,5767.56
2010-12-01,5642.5
2010-11-30,5528.27
2010-11-29,5569.73
2010-11-26,5668.7
2010-11-25,5698.93
2010-11-24,5657.1
2010-11-23,5581.28
2010-11-22,5680.83
2010-11-19,5732.83
2010-11-18,5768.71
2010-11-17,5692.56
2010-11-16,5690.8
2010-11-15,5820.41
2010-11-12,5796.87
2010-11-11,5815.23
2010-11-10,5816.94
2010-11-09,5875.19
2010-11-08,5849.96
2010-11-05,5875.35
2010-11-04,5862.79
2010-11-03,5748.97
2010-11-02,5757.43
2010-11-01,5694.62
2010-10-29,5675.16
2010-10-28,5677.89
2010-10-27,5646.02
2010-10-26,5707.3
2010-10-25,5751.98
2010-10-22,5741.37
2010-10-21,5757.86
2010-10-20,5728.93
2010-10-19,5703.89
2010-10-18,5742.52
2010-10-15,5703.37
2010-10-14,5727.21
2010-10-13,5747.35
2010-10-12,5661.59
2010-10-11,5672.4
2010-10-08,5657.61
2010-10-07,5662.13
2010-10-06,5681.39
2010-10-05,5635.76
2010-10-04,5555.97
2010-10-01,5592.9
2010-09-30,5548.62
2010-09-29,5569.27
2010-09-28,5578.44
2010-09-27,5573.42
2010-09-24,5598.48
2010-09-23,5547.08
2010-09-22,5562.02
2010-09-21,5576.19
2010-09-20,5602.54
2010-09-17,5508.45
2010-09-16,5540.14
2010-09-15,5557.07
2010-09-14,5567.41
2010-09-13,5565.53
2010-09-10,5501.64
2010-09-09,5494.16
2010-09-08,5429.74
2010-09-07,5407.82
2010-09-06,5439.19
2010-09-03,5428.15
2010-09-02,5371.04
2010-09-01,5366.41
2010-08-31,5225.22
2010-08-27,5201.56
2010-08-26,5155.84
2010-08-25,5117.24
2010-08-24,5155.95
2010-08-23,5234.84
2010-08-20,5195.28
2010-08-19,5211.29
2010-08-18,5302.87
2010-08-17,5350.55
2010-08-16,5276.1
2010-08-13,5275.44
2010-08-12,5266.06
2010-08-11,5245.21
2010-08-10,5376.41
2010-08-09,5410.52
2010-08-06,5332.39
2010-08-05,5365.78
2010-08-04,5386.16
2010-08-03,5396.48
2010-08-02,5397.11
2010-07-30,5258.02
2010-07-29,5313.95
2010-07-27,5365.67
2010-07-26,5351.12
2010-07-23,5312.62
2010-07-22,5313.81
2010-07-21,5214.64
2010-07-20,5139.46
2010-07-19,5148.28
2010-07-16,5158.9
2010-07-15,5211.3
2010-07-14,5253.5
2010-07-13,5271.0
2010-07-12,5167.0
2010-07-09,5132.9
2010-07-08,5105.5
2010-07-07,5014.8
2010-07-06,4965.0
2010-07-05,4823.5
2010-07-02,4838.1
2010-07-01,4805.8
2010-06-30,4916.9
2010-06-29,4914.2
2010-06-28,5071.7
2010-06-25,5046.5
2010-06-24,5100.2
2010-06-23,5178.5
2010-06-22,5247.0
2010-06-21,5299.1
2010-06-18,5250.8
2010-06-17,5253.9
2010-06-16,5237.9
2010-06-15,5217.8
2010-06-14,5202.1
2010-06-11,5163.7
2010-06-10,5132.5
2010-06-09,5085.9
2010-06-08,5028.1
2010-06-07,5069.1
2010-06-04,5126.0
2010-06-03,5211.2
2010-06-02,5151.3
2010-06-01,5163.3
2010-05-28,5188.4
2010-05-27,5195.2
2010-05-26,5038.1
2010-05-25,4940.7
2010-05-24,5069.6
2010-05-21,5062.9
2010-05-20,5073.1
2010-05-19,5158.1
2010-05-18,5307.3
2010-05-17,5262.5
2010-05-14,5262.9
2010-05-13,5433.7
2010-05-12,5383.5
2010-05-11,5334.2
2010-05-10,5387.4
2010-05-07,5123.0
2010-05-06,5261.0
2010-05-05,5341.9
2010-05-04,5411.1
2010-04-30,5553.3
2010-04-29,5617.8
2010-04-28,5586.6
2010-04-27,5603.5
2010-04-26,5753.9
2010-04-23,5723.6
2010-04-22,5665.3
2010-04-21,5723.4
2010-04-20,5783.7
2010-04-19,5727.9
2010-04-16,5744.0
2010-04-15,5825.0
2010-04-14,5796.3
2010-04-13,5761.7
2010-04-12,5777.6
2010-04-09,5771.0
2010-04-08,5712.7
2010-04-07,5762.1
2010-04-06,5780.4
2010-04-01,5744.9
2010-03-31,5679.6
2010-03-30,5672.3
2010-03-29,5710.7
2010-03-26,5703.0
2010-03-25,5727.6
2010-03-24,5677.9
2010-03-23,5673.6
2010-03-22,5644.5
2010-03-19,5650.1
2010-03-18,5642.6
2010-03-17,5644.6
2010-03-16,5620.4
2010-03-15,5593.9
2010-03-12,5625.6
2010-03-11,5617.3
2010-03-10,5640.6
2010-03-09,5602.3
2010-03-08,5606.7
2010-03-05,5599.8
2010-03-04,5527.2
2010-03-03,5533.2
2010-03-02,5484.1
2010-03-01,5405.9
2010-02-26,5354.5
2010-02-25,5278.2
2010-02-24,5342.9
2010-02-23,5315.1
2010-02-22,5352.1
2010-02-19,5358.2
2010-02-18,5325.1
2010-02-17,5276.6
2010-02-16,5244.1
2010-02-15,5167.5
2010-02-12,5142.5
2010-02-11,5161.5
2010-02-10,5132.0
2010-02-09,5111.8
2010-02-08,5092.3
2010-02-05,5060.9
2010-02-04,5139.3
2010-02-03,5253.1
2010-02-02,5283.3
2010-02-01,5247.4
2010-01-29,5188.5
2010-01-28,5145.7
2010-01-27,5217.5
2010-01-26,5276.9
2010-01-25,5260.3
2010-01-22,5303.0
2010-01-21,5335.1
2010-01-20,5420.8
2010-01-19,5513.1
2010-01-18,5494.4
2010-01-15,5455.4
2010-01-14,5498.2
2010-01-13,5473.5
2010-01-12,5498.7
2010-01-11,5538.1
2010-01-08,5534.2
2010-01-07,5526.7
2010-01-06,5530.0
2010-01-05,5522.5
2010-01-04,5500.3
2009-12-31,5412.9
2009-12-30,5397.9
2009-12-29,5437.6
2009-12-24,5402.4
2009-12-23,5372.4
2009-12-22,5328.7
2009-12-21,5294.0
2009-12-18,5196.8
2009-12-17,5217.6
2009-12-16,5320.3
2009-12-15,5285.8
2009-12-14,5315.3
2009-12-11,5261.6
2009-12-10,5244.4
2009-12-09,5203.9
2009-12-08,5223.1
2009-12-07,5310.7
2009-12-04,5322.4
2009-12-03,5313.0
2009-12-02,5327.4
2009-12-01,5312.2
2009-11-30,5190.7
2009-11-27,5245.7
2009-11-26,5194.1
2009-11-25,5364.8
2009-11-24,5324.0
2009-11-23,5355.5
2009-11-20,5251.4
2009-11-19,5267.7
2009-11-18,5342.1
2009-11-17,5345.9
2009-11-16,5382.7
2009-11-13,5296.4
2009-11-12,5276.5
2009-11-11,5266.8
2009-11-10,5230.5
2009-11-09,5235.2
2009-11-06,5142.7
2009-11-05,5125.6
2009-11-04,5107.9
2009-11-03,5037.2
2009-11-02,5104.5
2009-10-30,5044.5
2009-10-29,5137.7
2009-10-28,5080.4
2009-10-27,5201.0
2009-10-26,5191.7
2009-10-23,5242.6
2009-10-22,5207.4
2009-10-21,5257.9
2009-10-20,5243.4
2009-10-19,5281.5
2009-10-16,5190.2
2009-10-15,5223.0
2009-10-14,5256.1
2009-10-13,5154.1
2009-10-12,5210.2
2009-10-09,5161.9
2009-10-08,5154.6
2009-10-07,5108.9
2009-10-06,5138.0
2009-10-05,5024.3
2009-10-02,4988.7
2009-10-01,5047.8
2009-09-30,5133.9
2009-09-29,5159.7
2009-09-28,5165.7
2009-09-25,5082.2
2009-09-24,5079.3
2009-09-23,5139.4
2009-09-22,5142.6
2009-09-21,5134.4
2009-09-18,5172.9
2009-09-17,5164.0
2009-09-16,5124.1
2009-09-15,5042.1
2009-09-14,5018.9
2009-09-11,5011.5
2009-09-10,4987.7
2009-09-09,5004.3
2009-09-08,4947.3
2009-09-07,4933.2
2009-09-04,4851.7
2009-09-03,4796.8
2009-09-02,4817.5
2009-09-01,4819.7
2009-08-28,4908.9
2009-08-27,4869.4
2009-08-26,4890.6
2009-08-25,4916.8
2009-08-24,4896.2
2009-08-21,4850.9
2009-08-20,4756.6
2009-08-19,4689.7
2009-08-18,4685.8
2009-08-17,4645.0
2009-08-14,4714.0
2009-08-13,4755.5
2009-08-12,4716.8
2009-08-11,4671.3
2009-08-10,4722.2
2009-08-07,4731.6
2009-08-06,4690.5
2009-08-05,4647.1
2009-08-04,4671.4
2009-08-03,4682.5
2009-07-31,4608.4
2009-07-30,4631.6
2009-07-29,4547.5
2009-07-28,4528.8
2009-07-27,4586.1
2009-07-24,4576.6
2009-07-23,4559.8
2009-07-22,4493.7
2009-07-21,4481.2
2009-07-20,4443.6
2009-07-17,4388.8
2009-07-16,4361.8
2009-07-15,4346.5
2009-07-14,4237.7
2009-07-13,4202.1
2009-07-10,4127.2
2009-07-09,4158.7
2009-07-08,4140.2
2009-07-07,4187.0
2009-07-06,4194.9
2009-07-03,4236.3
2009-07-02,4234.3
2009-07-01,4340.7
2009-06-30,4249.2
2009-06-29,4294.0
2009-06-26,4241.0
2009-06-25,4252.6
2009-06-24,4280.0
2009-06-23,4230.0
2009-06-22,4234.0
2009-06-19,4345.9
2009-06-18,4280.9
2009-06-17,4278.5
2009-06-16,4328.6
2009-06-15,4326.0
2009-06-12,4442.0
2009-06-11,4461.9
2009-06-10,4436.8
2009-06-09,4404.8
2009-06-08,4405.2
2009-06-05,4438.6
2009-06-04,4386.9
2009-06-03,4383.4
2009-06-02,4477.0
2009-06-01,4506.2
2009-05-29,4417.9
2009-05-28,4387.5
2009-05-27,4416.2
2009-05-26,4411.7
2009-05-22,4365.3
2009-05-21,4345.5
2009-05-20,4468.4
2009-05-19,4482.3
2009-05-18,4446.5
2009-05-15,4348.1
2009-05-14,4362.6
2009-05-13,4331.4
2009-05-12,4425.5
2009-05-11,4435.5
2009-05-08,4462.1
2009-05-07,4398.7
2009-05-06,4396.5
2009-05-05,4336.9
2009-05-01,4243.2
2009-04-30,4243.7
2009-04-29,4189.6
2009-04-28,4096.4
2009-04-27,4167.0
2009-04-24,4156.0
2009-04-23,4018.2
2009-04-22,4030.7
2009-04-21,3987.5
2009-04-20,3990.9
2009-04-17,4092.8
2009-04-16,4053.0
2009-04-15,3968.4
2009-04-14,3989.0
2009-04-09,3983.7
2009-04-08,3925.5
