Date,Volatility Index VIX
2024-04-02,11.6525
2024-04-01,12.0825
2024-03-28,12.8325
2024-03-27,12.7025
2024-03-26,12.82
2024-03-22,12.22
2024-03-21,12.5125
2024-03-20,13.4725
2024-03-19,14.1125
2024-03-18,13.895
2024-03-15,13.69
2024-03-14,13.6225
2024-03-13,14.4325
2024-03-12,13.6375
2024-03-11,13.995
2024-03-07,13.6125
2024-03-06,14.295
2024-03-05,14.38
2024-03-04,14.9225
2024-03-02,14.9925
2024-03-01,15.235
2024-02-29,15.5725
2024-02-28,16.33
2024-02-27,15.7275
2024-02-26,15.6
2024-02-23,14.9725
2024-02-22,15.1975
2024-02-21,15.9275
2024-02-20,16.0725
2024-02-19,16.0175
2024-02-16,15.2225
2024-02-15,15.225
2024-02-14,15.435
2024-02-13,15.8075
2024-02-12,16.0625
2024-02-09,15.4475
2024-02-08,15.8275
2024-02-07,15.505
2024-02-06,15.785
2024-02-05,15.6175
2024-02-02,14.6975
2024-02-01,14.455
2024-01-31,16.0475
2024-01-30,16.1025
2024-01-29,15.68
2024-01-25,13.865
2024-01-24,14.375
2024-01-23,14.8525
2024-01-20,13.715
2024-01-19,13.8775
2024-01-18,14.07
2024-01-17,15.08
2024-01-16,13.5725
2024-01-15,13.785
2024-01-12,13.1
2024-01-11,12.7675
2024-01-10,12.97
2024-01-09,13.2625
2024-01-08,13.4625
2024-01-05,12.63
2024-01-04,13.33
2024-01-03,14.0975
2024-01-02,14.58
2024-01-01,14.68
2023-12-29,14.5025
2023-12-28,15.14
2023-12-27,15.5575
2023-12-26,14.6775
2023-12-22,13.7075
2023-12-21,13.7575
2023-12-20,14.45
2023-12-19,13.8675
2023-12-18,13.9
2023-12-15,13.1275
2023-12-14,12.32
2023-12-13,12.065
2023-12-12,12.7125
2023-12-11,12.7575
2023-12-08,12.47
2023-12-07,12.6725
2023-12-06,13.74
2023-12-05,13.4575
2023-12-04,12.9925
2023-12-01,12.3825
2023-11-30,12.69
2023-11-29,12.7075
2023-11-28,12.175
2023-11-24,11.33
2023-11-23,11.315
2023-11-22,11.865
2023-11-21,12.2325
2023-11-20,12.1475
2023-11-17,11.8275
2023-11-16,11.6475
2023-11-15,11.135
2023-11-13,11.1875
2023-11-12,11.3475
2023-11-10,11.1075
2023-11-09,10.9825
2023-11-08,11.0375
2023-11-07,11.1925
2023-11-06,11.105
2023-11-03,10.8825
2023-11-02,11.075
2023-11-01,12.0475
2023-10-31,11.825
2023-10-30,11.49
2023-10-27,10.905
2023-10-26,11.73
2023-10-25,11.3125
2023-10-23,10.905
2023-10-20,10.8175
2023-10-19,10.8975
2023-10-18,10.965
2023-10-17,10.695
2023-10-16,11.07
2023-10-13,10.6175
2023-10-12,10.6175
2023-10-11,10.985
2023-10-10,11.27
2023-10-09,11.4
2023-10-06,10.3
2023-10-05,10.94
2023-10-04,11.655
2023-10-03,11.7875
2023-09-29,11.4525
2023-09-28,12.8225
2023-09-27,11.585
2023-09-26,11.185
2023-09-25,10.9
2023-09-22,10.66
2023-09-21,10.8175
2023-09-20,11.1275
2023-09-18,10.835
2023-09-15,10.9025
2023-09-14,11.3175
2023-09-13,11.8275
2023-09-12,11.69
2023-09-11,11.3475
2023-09-08,10.78
2023-09-07,10.8725
2023-09-06,10.6775
2023-09-05,10.815
2023-09-04,10.9625
2023-09-01,11.365
2023-08-31,12.0625
2023-08-30,11.8
2023-08-29,12.225
2023-08-28,12.3975
2023-08-25,12.0825
2023-08-24,11.7
2023-08-23,11.7275
2023-08-22,11.7475
2023-08-21,11.96
2023-08-18,12.1425
2023-08-17,12.24
2023-08-16,12.125
2023-08-14,11.995
2023-08-11,11.5225
2023-08-10,11.4
2023-08-09,11.14
2023-08-08,11.325
2023-08-07,11.1025
2023-08-04,10.5725
2023-08-03,11.185
2023-08-02,11.2775
2023-08-01,10.2825
2023-07-31,10.4125
2023-07-28,10.135
2023-07-27,10.5125
2023-07-26,10.4575
2023-07-25,10.2425
2023-07-24,11.6525
2023-07-21,11.485
2023-07-20,11.785
2023-07-19,11.6
2023-07-18,11.71
2023-07-17,11.315
2023-07-14,10.6825
2023-07-13,10.9375
2023-07-12,10.935
2023-07-11,11.0125
2023-07-10,11.4625
2023-07-07,11.5325
2023-07-06,11.84
2023-07-05,11.8825
2023-07-04,11.7
2023-07-03,11.54
2023-06-30,10.8
2023-06-28,10.8875
2023-06-27,10.7775
2023-06-26,11.395
2023-06-23,11.235
2023-06-22,11.5475
2023-06-21,11.2925
2023-06-20,11.1325
2023-06-19,11.225
2023-06-16,10.84
2023-06-15,11.08
2023-06-14,11.1625
2023-06-13,11.11
2023-06-12,11.245
2023-06-09,11.12
2023-06-08,11.2575
2023-06-07,11.4425
2023-06-06,11.38
2023-06-05,11.1375
2023-06-02,11.125
2023-06-01,11.5975
2023-05-31,11.9725
2023-05-30,12.01
2023-05-29,12.2975
2023-05-26,11.9
2023-05-25,12.52
2023-05-24,13.1125
2023-05-23,12.605
2023-05-22,12.57
2023-05-19,12.3025
2023-05-18,12.795
2023-05-17,13.105
2023-05-16,13.2925
2023-05-15,13.1725
2023-05-12,12.8525
2023-05-11,13.215
2023-05-10,13.0825
2023-05-09,12.6775
2023-05-08,12.635
2023-05-05,12.295
2023-05-04,11.7325
2023-05-03,11.84
2023-05-02,11.8975
2023-04-28,10.9475
2023-04-27,11.425
2023-04-26,11.6525
2023-04-25,11.52
2023-04-24,11.6675
2023-04-21,11.63
2023-04-20,11.94
2023-04-19,12.1525
2023-04-18,12.075
2023-04-17,12.265
2023-04-13,11.9075
2023-04-12,12.2725
2023-04-11,11.975
2023-04-10,12.2725
2023-04-06,11.7975
2023-04-05,12.4125
2023-04-03,12.585
2023-03-31,12.935
2023-03-29,13.6275
2023-03-28,15.1
2023-03-27,15.445
2023-03-24,15.24
2023-03-23,14.49
2023-03-22,14.8075
2023-03-21,15.0825
2023-03-20,16.0075
2023-03-17,14.7675
2023-03-16,16.2175
2023-03-15,16.295
2023-03-14,16.2175
2023-03-13,16.215
2023-03-10,13.4125
2023-03-09,12.725
2023-03-08,12.45
2023-03-06,12.2675
2023-03-03,12.18
2023-03-02,12.97
2023-03-01,12.995
2023-02-28,14.02
2023-02-27,13.875
2023-02-24,14.185
2023-02-23,15.075
2023-02-22,15.5875
2023-02-21,14.0075
2023-02-20,13.3825
2023-02-17,13.085
2023-02-16,12.89
2023-02-15,12.86
2023-02-14,13.4525
2023-02-13,13.68
2023-02-10,12.745
2023-02-09,13.04
2023-02-08,13.595
2023-02-07,14.125
2023-02-06,14.6875
2023-02-03,14.3975
2023-02-02,15.7325
2023-02-01,16.78
2023-01-31,16.875
2023-01-30,17.71
2023-01-27,17.32
2023-01-25,14.655
2023-01-24,13.6575
2023-01-23,13.6175
2023-01-20,13.7875
2023-01-19,13.96
2023-01-18,14.3725
2023-01-17,14.59
2023-01-16,15.0225
2023-01-13,14.46
2023-01-12,15.275
2023-01-11,15.435
2023-01-10,15.51
2023-01-09,14.6525
2023-01-06,15.025
2023-01-05,14.9825
2023-01-04,15.1975
2023-01-03,14.385
2023-01-02,14.685
2022-12-30,14.8675
2022-12-29,14.8125
2022-12-28,15.395
2022-12-27,15.29
2022-12-26,15.9325
2022-12-23,16.16
2022-12-22,15.1875
2022-12-21,15.5625
2022-12-20,13.78
2022-12-19,13.5525
2022-12-16,14.07
2022-12-15,13.7325
2022-12-14,12.885
2022-12-13,12.8825
2022-12-12,13.3175
2022-12-09,13.4775
2022-12-08,13.3975
2022-12-07,14.0775
2022-12-06,14.0425
2022-12-05,13.7325
2022-12-02,13.45
2022-12-01,13.36
2022-11-30,13.8075
2022-11-29,13.615
2022-11-28,13.565
2022-11-25,13.3325
2022-11-24,13.4775
2022-11-23,14.0425
2022-11-22,13.8425
2022-11-21,14.7975
2022-11-18,14.39
2022-11-17,14.8775
2022-11-16,15.1
2022-11-15,14.635
2022-11-14,14.91
2022-11-11,14.405
2022-11-10,15.5675
2022-11-09,15.915
2022-11-07,15.585
2022-11-04,15.655
2022-11-03,15.9425
2022-11-02,16.6625
2022-11-01,16.13
2022-10-31,15.8025
2022-10-28,15.9225
2022-10-27,16.5975
2022-10-25,16.88
2022-10-24,17.4225
2022-10-21,17.28
2022-10-20,17.2325
2022-10-19,17.4875
2022-10-18,17.4525
2022-10-17,18.4175
2022-10-14,18.2575
2022-10-13,20.29
2022-10-12,20.175
2022-10-11,20.49
2022-10-10,19.6225
2022-10-07,18.8125
2022-10-06,19.315
2022-10-04,19.57
2022-10-03,21.365
2022-09-30,19.9675
2022-09-29,21.3025
2022-09-28,22.095
2022-09-27,21.5675
2022-09-26,21.8925
2022-09-23,20.5925
2022-09-22,18.815
2022-09-21,19.325
2022-09-20,18.7975
2022-09-19,19.94
2022-09-16,19.8225
2022-09-15,18.3925
2022-09-14,18.2775
2022-09-13,17.47
2022-09-12,17.9375
2022-09-09,17.7175
2022-09-08,18.305
2022-09-07,19.3675
2022-09-06,19.525
2022-09-05,19.6625
2022-09-02,19.55
2022-09-01,19.8725
2022-08-30,18.7
2022-08-29,19.8225
2022-08-26,18.215
2022-08-25,19.57
2022-08-24,18.43
2022-08-23,19.05
2022-08-22,19.0375
2022-08-19,18.285
2022-08-18,17.35
2022-08-17,17.6775
2022-08-16,17.685
2022-08-12,17.6075
2022-08-11,18.355
2022-08-10,19.5875
2022-08-08,19.3025
2022-08-05,18.915
2022-08-04,19.2575
2022-08-03,18.45
2022-08-02,18.53
2022-08-01,17.485
2022-07-29,16.55
2022-07-28,17.0125
2022-07-27,18.13
2022-07-26,18.17
2022-07-25,17.68
2022-07-22,16.65
2022-07-21,16.8575
2022-07-20,16.8225
2022-07-19,17.2025
2022-07-18,17.16
2022-07-15,17.5975
2022-07-14,18.34
2022-07-13,18.52
2022-07-12,18.5475
2022-07-11,18.3675
2022-07-08,18.395
2022-07-07,19.2025
2022-07-06,20.2675
2022-07-05,20.7875
2022-07-04,20.9725
2022-07-01,21.25
2022-06-30,21.84
2022-06-29,21.9
2022-06-28,21.45
2022-06-27,21.005
2022-06-24,20.55
2022-06-23,20.88
2022-06-22,21.3
2022-06-21,21.1425
2022-06-20,22.4125
2022-06-17,22.7575
2022-06-16,22.8675
2022-06-15,22.1475
2022-06-14,21.8875
2022-06-13,22.365
2022-06-10,19.575
2022-06-09,19.14
2022-06-08,19.8375
2022-06-07,20.425
2022-06-06,20.2025
2022-06-03,19.975
2022-06-02,20.32
2022-06-01,20.845
2022-05-31,20.4775
2022-05-30,19.98
2022-05-27,21.48
2022-05-26,22.7175
2022-05-25,25.2825
2022-05-24,25.635
2022-05-23,23.3975
2022-05-20,23.1
2022-05-19,24.5575
2022-05-18,22.295
2022-05-17,22.7425
2022-05-16,24.5275
2022-05-13,23.485
2022-05-12,24.265
2022-05-11,22.8025
2022-05-10,22.3025
2022-05-09,22.0325
2022-05-06,21.25
2022-05-05,20.2925
2022-05-04,21.8775
2022-05-02,20.2825
2022-04-29,19.415
2022-04-28,19.3775
2022-04-27,20.605
2022-04-26,19.1875
2022-04-25,21.2575
2022-04-22,18.3525
2022-04-21,17.8525
2022-04-20,18.6725
2022-04-19,19.775
2022-04-18,19.335
2022-04-13,17.785
2022-04-12,18.1575
2022-04-11,18.27
2022-04-08,17.6875
2022-04-07,18.9975
2022-04-06,19.0225
2022-04-05,18.4875
2022-04-04,17.9075
2022-04-01,18.435
2022-03-31,20.56
2022-03-30,20.61
2022-03-29,21.3025
2022-03-28,22.61
2022-03-25,23.43
2022-03-24,23.93
2022-03-23,24.7475
2022-03-22,24.07
2022-03-21,24.6225
2022-03-17,22.61
2022-03-16,24.1175
2022-03-15,26.73
2022-03-14,25.6775
2022-03-11,25.345
2022-03-10,25.5825
2022-03-09,27.4675
2022-03-08,28.5875
2022-03-07,29.33
2022-03-04,27.9575
2022-03-03,28.155
2022-03-02,29.2325
2022-02-28,28.57
2022-02-25,26.74
2022-02-24,31.9825
2022-02-23,24.5425
2022-02-22,26.6625
2022-02-21,22.9025
2022-02-18,22.165
2022-02-17,22.005
2022-02-16,20.5925
2022-02-15,20.6125
2022-02-14,22.9775
2022-02-11,18.68
2022-02-10,17.71
2022-02-09,18.555
2022-02-08,19.685
2022-02-07,20.4375
2022-02-04,18.8975
2022-02-03,19.16
2022-02-02,18.65
2022-02-01,19.9775
2022-01-31,21.9525
2022-01-28,20.695
2022-01-27,21.065
2022-01-25,21.3575
2022-01-24,22.825
2022-01-21,18.8875
2022-01-20,17.79
2022-01-19,17.8175
2022-01-18,17.78
2022-01-17,16.765
2022-01-14,16.555
2022-01-13,16.705
2022-01-12,17.1825
2022-01-11,17.7575
2022-01-10,17.6775
2022-01-07,17.6025
2022-01-06,17.9775
2022-01-05,17.2275
2022-01-04,16.12
2022-01-03,16.4525
2021-12-31,16.2225
2021-12-30,16.565
2021-12-29,16.2425
2021-12-28,16.475
2021-12-27,17.1175
2021-12-24,16.1475
2021-12-23,15.825
2021-12-22,16.58
2021-12-21,17.5375
2021-12-20,18.965
2021-12-17,16.3375
2021-12-16,15.895
2021-12-15,17.2175
2021-12-14,16.9525
2021-12-13,16.57
2021-12-10,16.06
2021-12-09,16.6025
2021-12-08,17.265
2021-12-07,18.46
2021-12-06,20.0775
2021-12-03,18.455
2021-12-02,18.0875
2021-12-01,19.4475
2021-11-30,21.1675
2021-11-29,20.83
2021-11-26,20.8025
2021-11-25,16.6625
2021-11-24,17.095
2021-11-23,18.015
2021-11-22,17.52
2021-11-18,14.8575
2021-11-17,14.98
2021-11-16,15.195
2021-11-15,15.465
2021-11-12,15.2175
2021-11-11,16.3525
2021-11-10,16.305
2021-11-09,16.0025
2021-11-08,16.34
2021-11-04,15.7475
2021-11-03,16.125
2021-11-02,17.0625
2021-11-01,17.235
2021-10-29,17.425
2021-10-28,17.9125
2021-10-27,16.8275
2021-10-26,16.7525
2021-10-25,17.61
2021-10-22,17.545
2021-10-21,18.035
2021-10-20,18.3125
2021-10-19,17.3825
2021-10-18,17.185
2021-10-14,15.7675
2021-10-13,16.1
2021-10-12,15.8475
2021-10-11,16.085
2021-10-08,15.6525
2021-10-07,16.155
2021-10-06,17.3325
2021-10-05,16.3975
2021-10-04,16.735
2021-10-01,17.21
2021-09-30,18.4025
2021-09-29,18.8375
2021-09-28,18.535
2021-09-27,18.0525
2021-09-24,16.9225
2021-09-23,16.6025
2021-09-22,16.4925
2021-09-21,16.52
2021-09-20,17.4925
2021-09-17,15.2325
2021-09-16,14.4125
2021-09-15,13.73
2021-09-14,13.575
2021-09-13,14.025
2021-09-09,13.9425
2021-09-08,14.41
2021-09-07,14.895
2021-09-06,15.105
2021-09-03,14.5425
2021-09-02,14.24
2021-09-01,14.185
2021-08-31,14.52
2021-08-30,13.3175
2021-08-27,13.405
2021-08-26,13.5375
2021-08-25,13.4975
2021-08-24,13.1875
2021-08-23,13.685
2021-08-20,14.015
2021-08-18,12.905
2021-08-17,13.4125
2021-08-16,13.4575
2021-08-13,12.99
2021-08-12,12.3725
2021-08-11,12.7125
2021-08-10,12.705
2021-08-09,12.605
2021-08-06,12.6075
2021-08-05,12.8725
2021-08-04,13.2125
2021-08-03,13.7475
2021-08-02,12.805
2021-07-30,12.8025
2021-07-29,12.945
2021-07-28,13.6925
2021-07-27,13.2325
2021-07-26,12.45
2021-07-23,11.7625
2021-07-22,11.885
2021-07-20,13.205
2021-07-19,12.68
2021-07-16,11.705
2021-07-15,12.27
2021-07-14,12.59
2021-07-13,12.6225
2021-07-12,12.9925
2021-07-09,12.9425
2021-07-08,13.56
2021-07-07,12.2125
2021-07-06,12.275
2021-07-05,12.0675
2021-07-02,12.09
2021-07-01,12.84
2021-06-30,13.045
2021-06-29,13.0025
2021-06-28,13.4025
2021-06-25,13.3675
2021-06-24,15.0975
2021-06-23,15.365
2021-06-22,14.7375
2021-06-21,15.06
2021-06-18,14.7975
2021-06-17,15.2875
2021-06-16,14.865
2021-06-15,14.605
2021-06-14,14.715
2021-06-11,14.1025
2021-06-10,15.0025
2021-06-09,14.7525
2021-06-08,15.225
2021-06-07,15.5675
2021-06-04,15.94
2021-06-03,15.745
2021-06-02,17.21
2021-06-01,17.3875
2021-05-31,16.885
2021-05-28,17.4025
2021-05-27,19.91
2021-05-26,20.8725
2021-05-25,18.8425
2021-05-24,19.13
2021-05-21,19.08
2021-05-20,19.6525
2021-05-19,19.3175
2021-05-18,19.24
2021-05-17,19.6075
2021-05-14,20.2675
2021-05-12,20.08
2021-05-11,19.83
2021-05-10,20.225
2021-05-07,20.8225
2021-05-06,22.035
2021-05-05,21.9625
2021-05-04,23.01
2021-05-03,23.6925
2021-04-30,23.0275
2021-04-29,23.305
2021-04-28,22.58
2021-04-27,23.0825
2021-04-26,23.495
2021-04-23,22.69
2021-04-22,23.025
2021-04-20,22.425
2021-04-19,22.485
2021-04-16,20.4025
2021-04-15,20.89
2021-04-13,20.46
2021-04-12,22.995
2021-04-09,19.785
2021-04-08,20.3125
2021-04-07,20.2475
2021-04-06,20.84
2021-04-05,21.215
2021-04-01,19.9875
2021-03-31,20.645
2021-03-30,20.485
2021-03-26,20.65
2021-03-25,22.6975
2021-03-24,22.455
2021-03-23,20.665
2021-03-22,20.4925
2021-03-19,19.9875
2021-03-18,20.08
2021-03-17,20.1575
2021-03-16,20.19
2021-03-15,21.2275
2021-03-12,21.7075
2021-03-10,20.7475
2021-03-09,22.495
2021-03-08,24.675
2021-03-05,25.56
2021-03-04,24.15
2021-03-03,22.09
2021-03-02,23.605
2021-03-01,25.625
2021-02-26,28.1425
2021-02-25,22.8925
2021-02-24,24.1675
2021-02-23,25.2275
2021-02-22,25.47
2021-02-19,22.25
2021-02-18,21.5425
2021-02-17,21.505
2021-02-16,21.78
2021-02-15,21.475
2021-02-12,22.0425
2021-02-11,23.045
2021-02-10,23.9525
2021-02-09,24.27
2021-02-08,23.9575
2021-02-05,23.415
2021-02-04,23.1225
2021-02-03,23.745
2021-02-02,23.345
2021-02-01,23.3225
2021-01-29,25.3425
2021-01-28,24.29
2021-01-27,24.3925
2021-01-25,23.245
2021-01-22,22.4225
2021-01-21,22.18
2021-01-20,21.55
2021-01-19,22.8975
2021-01-18,24.395
2021-01-15,24.01
2021-01-14,23.0275
2021-01-13,23.2925
2021-01-12,22.8475
2021-01-11,22.3825
2021-01-08,20.64
2021-01-07,20.615
2021-01-06,20.995
2021-01-05,20.46
2021-01-04,20.03
2021-01-01,19.56
2020-12-31,21.095
2020-12-30,21.11
2020-12-29,20.79
2020-12-28,20.4275
2020-12-24,19.9675
2020-12-23,20.495
2020-12-22,21.985
2020-12-21,23.19
2020-12-18,18.6225
2020-12-17,19.1575
2020-12-16,19.2
2020-12-15,19.345
2020-12-14,19.4025
2020-12-11,18.79
2020-12-10,18.7125
2020-12-09,18.92
2020-12-08,18.6175
2020-12-07,18.025
2020-12-04,18.0275
2020-12-03,19.0
2020-12-02,19.9075
2020-12-01,20.1825
2020-11-27,19.8175
2020-11-26,20.0225
2020-11-25,23.1275
2020-11-24,21.0575
2020-11-23,20.7975
2020-11-20,19.6175
2020-11-19,19.57
2020-11-18,19.12
2020-11-17,19.8025
2020-11-13,19.7025
2020-11-12,20.62
2020-11-11,22.0325
2020-11-10,21.5775
2020-11-09,20.1125
2020-11-06,20.4975
2020-11-05,20.965
2020-11-04,23.2
2020-11-03,24.24
2020-11-02,25.21
2020-10-30,24.7525
2020-10-29,24.0225
2020-10-28,23.28
2020-10-27,22.195
2020-10-26,22.8325
2020-10-23,21.8275
2020-10-22,22.635
2020-10-21,22.915
2020-10-20,22.69
2020-10-19,21.8175
2020-10-16,21.645
2020-10-15,22.0575
2020-10-14,20.21
2020-10-13,20.715
2020-10-12,21.1275
2020-10-09,20.38
2020-10-08,20.38
2020-10-07,20.06
2020-10-06,19.635
2020-10-05,19.705
2020-10-01,18.35
2020-09-30,19.53
2020-09-29,19.775
2020-09-28,19.5725
2020-09-25,20.675
2020-09-24,23.51
2020-09-23,20.99
2020-09-22,21.41
2020-09-21,22.1875
2020-09-18,20.045
2020-09-17,20.1
2020-09-16,19.66
2020-09-15,20.5975
2020-09-14,21.19
2020-09-11,20.7125
2020-09-10,21.2625
2020-09-09,22.23
2020-09-08,22.7225
2020-09-07,22.0075
2020-09-04,22.1525
2020-09-03,20.5025
2020-09-02,21.105
2020-09-01,21.8
2020-08-31,22.835
2020-08-28,18.3475
2020-08-27,18.895
2020-08-26,19.3025
2020-08-25,19.315
2020-08-24,19.23
2020-08-21,19.9375
2020-08-20,20.6175
2020-08-19,19.9575
2020-08-18,20.43
2020-08-17,21.3075
2020-08-14,21.6725
2020-08-13,20.5675
2020-08-12,20.845
2020-08-11,21.36
2020-08-10,22.51
2020-08-07,22.5775
2020-08-06,23.15
2020-08-05,23.5675
2020-08-04,23.815
2020-08-03,25.185
2020-07-31,24.1925
2020-07-30,24.7275
2020-07-29,24.1125
2020-07-28,23.6425
2020-07-27,25.0175
2020-07-24,24.535
2020-07-23,24.64
2020-07-22,24.885
2020-07-21,24.4275
2020-07-20,24.7125
2020-07-17,24.1575
2020-07-16,25.3625
2020-07-15,26.29
2020-07-14,26.6375
2020-07-13,25.2525
2020-07-10,24.9425
2020-07-09,24.9125
2020-07-08,26.1
2020-07-07,25.1025
2020-07-06,25.1975
2020-07-03,25.7675
2020-07-02,26.5075
2020-07-01,28.1175
2020-06-30,29.1175
2020-06-29,28.91
2020-06-26,28.735
2020-06-25,29.7275
2020-06-24,29.5775
2020-06-23,29.34
2020-06-22,30.46
2020-06-19,29.965
2020-06-18,31.455
2020-06-17,33.355
2020-06-16,32.965
2020-06-15,32.5775
2020-06-12,30.8225
2020-06-11,29.66
2020-06-10,29.4375
2020-06-09,30.205
2020-06-08,29.6475
2020-06-05,28.68
2020-06-04,29.69
2020-06-03,30.0425
2020-06-02,30.115
2020-06-01,30.7425
2020-05-29,30.22
2020-05-28,30.0175
2020-05-27,31.2725
2020-05-26,31.47
2020-05-22,32.3775
2020-05-21,32.985
2020-05-20,35.81
2020-05-19,39.4525
2020-05-18,40.915
2020-05-15,38.0175
2020-05-14,38.1825
2020-05-13,38.835
2020-05-12,38.205
2020-05-11,38.0375
2020-05-08,38.4075
2020-05-07,39.93
2020-05-06,41.2475
2020-05-05,43.6075
2020-05-04,43.67
2020-04-30,33.9875
2020-04-29,33.8375
2020-04-28,35.355
2020-04-27,38.0425
2020-04-24,39.1175
2020-04-23,39.23
2020-04-22,42.8225
2020-04-21,45.1975
2020-04-20,43.455
2020-04-17,42.5925
2020-04-16,46.095
2020-04-15,49.735
2020-04-13,51.4575
2020-04-09,49.745
2020-04-08,52.2425
2020-04-07,51.8
2020-04-03,55.3025
2020-04-01,60.0525
2020-03-31,64.4075
2020-03-30,71.89
2020-03-27,70.385
2020-03-26,71.5325
2020-03-25,77.625
2020-03-24,83.6075
2020-03-23,71.985
2020-03-20,67.1
2020-03-19,72.1975
2020-03-18,63.955
2020-03-17,62.925
2020-03-16,58.875
2020-03-13,51.4725
2020-03-12,41.1625
2020-03-11,31.555
2020-03-09,30.8
2020-03-06,25.6425
2020-03-05,23.2475
2020-03-04,24.225
2020-03-03,24.5425
2020-03-02,25.2025
2020-02-28,23.235
2020-02-27,17.765
2020-02-26,18.26
2020-02-25,16.8975
2020-02-24,16.9975
2020-02-20,13.7
2020-02-19,14.0225
2020-02-18,14.51
2020-02-17,14.415
2020-02-14,13.615
2020-02-13,13.37
2020-02-12,13.6225
2020-02-11,13.88
2020-02-10,14.21
2020-02-07,13.7475
2020-02-06,13.78
2020-02-05,14.1725
2020-02-04,14.38
2020-02-03,15.7825
2020-02-01,16.835
2020-01-31,17.3675
2020-01-30,16.7975
2020-01-29,16.4975
2020-01-28,17.2975
2020-01-27,17.175
2020-01-24,15.56
2020-01-23,15.855
2020-01-22,16.36
2020-01-21,15.8625
2020-01-20,15.41
2020-01-17,14.1275
2020-01-16,14.1825
2020-01-15,14.12
2020-01-14,13.9125
2020-01-13,14.275
2020-01-10,14.0775
2020-01-09,13.9975
2020-01-08,15.64
2020-01-07,14.61
2020-01-06,14.7775
2020-01-03,12.695
2020-01-02,11.49
2020-01-01,11.5975
2019-12-31,11.6675
2019-12-30,11.0075
2019-12-27,10.525
2019-12-26,11.1225
2019-12-24,11.625
2019-12-23,11.9575
2019-12-20,12.325
2019-12-19,12.1225
2019-12-18,12.3375
2019-12-17,12.5175
2019-12-16,13.415
2019-12-13,13.3
2019-12-12,13.3475
2019-12-11,13.3775
2019-12-10,14.29
2019-12-09,14.5975
2019-12-06,13.64
2019-12-05,14.305
2019-12-04,13.3225
2019-12-03,14.5625
2019-12-02,14.2025
2019-11-29,13.8975
2019-11-28,13.9875
2019-11-27,14.6175
2019-11-26,14.8375
2019-11-25,15.0025
2019-11-22,14.8725
2019-11-21,14.975
2019-11-20,15.16
2019-11-19,15.4125
2019-11-18,15.755
2019-11-15,15.03
2019-11-14,15.65
2019-11-13,16.4625
2019-11-11,16.25
2019-11-08,15.855
2019-11-07,15.2075
2019-11-06,15.775
2019-11-05,15.9175
2019-11-04,15.925
2019-11-01,15.7325
2019-10-31,16.28
2019-10-30,16.6575
2019-10-29,16.42
2019-10-25,15.315
2019-10-24,16.24
2019-10-23,16.535
2019-10-22,16.81
2019-10-18,15.9275
2019-10-17,15.8775
2019-10-16,16.36
2019-10-15,16.85
2019-10-14,17.43
2019-10-11,17.14
2019-10-10,17.2275
2019-10-09,17.155
2019-10-07,17.83
2019-10-04,17.58
2019-10-03,17.7025
2019-10-01,16.7575
2019-09-30,15.8725
2019-09-27,16.115
2019-09-26,16.3425
2019-09-25,16.17
2019-09-24,16.7325
2019-09-23,16.7925
2019-09-20,15.4
2019-09-19,15.55
2019-09-18,15.3525
2019-09-17,16.0175
2019-09-16,14.9525
2019-09-13,14.12
2019-09-12,14.9
2019-09-11,15.3725
2019-09-09,15.8525
2019-09-06,16.275
2019-09-05,17.2725
2019-09-04,17.235
2019-09-03,18.055
2019-08-30,16.2825
2019-08-29,16.425
2019-08-28,16.835
2019-08-27,16.01
2019-08-26,16.655
2019-08-23,17.3475
2019-08-22,17.8525
2019-08-21,17.0225
2019-08-20,16.6325
2019-08-19,16.7475
2019-08-16,16.6475
2019-08-14,16.3575
2019-08-13,17.7775
2019-08-09,15.845
2019-08-08,16.0925
2019-08-07,16.74
2019-08-06,16.12
2019-08-05,16.585
2019-08-02,15.1875
2019-08-01,14.5575
2019-07-31,13.59
2019-07-30,13.6125
2019-07-29,13.0625
2019-07-26,12.1325
2019-07-25,12.635
2019-07-24,12.76
2019-07-23,13.4275
2019-07-22,13.01
2019-07-19,12.515
2019-07-18,11.75
2019-07-17,11.8
2019-07-16,11.56
2019-07-15,12.02
2019-07-12,11.9975
2019-07-11,12.47
2019-07-10,13.635
2019-07-09,13.6875
2019-07-08,13.8525
2019-07-05,13.065
2019-07-04,13.53
2019-07-03,13.695
2019-07-02,14.25
2019-07-01,14.6025
2019-06-28,14.9525
2019-06-27,14.645
2019-06-26,14.75
2019-06-25,15.01
2019-06-24,15.2225
2019-06-21,14.61
2019-06-20,14.0
2019-06-19,14.73
2019-06-18,14.6
2019-06-17,14.65
2019-06-14,13.895
2019-06-13,13.66
2019-06-12,14.1225
2019-06-11,14.49
2019-06-10,14.975
2019-06-07,14.8575
2019-06-06,15.525
2019-06-04,15.6275
2019-06-03,15.9675
2019-05-31,16.0675
2019-05-30,15.61
2019-05-29,16.4075
2019-05-28,15.9225
2019-05-27,16.19
2019-05-24,16.4675
2019-05-23,19.405
2019-05-22,27.6325
2019-05-21,25.6525
2019-05-20,23.675
2019-05-17,28.075
2019-05-16,28.37
2019-05-15,28.6575
2019-05-14,27.1325
2019-05-13,27.3825
2019-05-10,26.335
2019-05-09,25.485
2019-05-08,26.365
2019-05-07,26.4775
2019-05-06,26.4325
2019-05-03,24.0325
2019-05-02,22.9825
2019-04-30,21.8275
2019-04-26,21.7175
2019-04-25,23.2325
2019-04-24,23.7125
2019-04-23,24.645
2019-04-22,24.05
2019-04-18,22.735
2019-04-16,21.6925
2019-04-15,21.3875
2019-04-12,20.9975
2019-04-11,20.9575
2019-04-10,21.13
2019-04-09,20.28
2019-04-08,20.1525
2019-04-05,18.3925
2019-04-04,18.65
2019-04-03,18.7825
2019-04-02,18.0825
2019-04-01,18.005
2019-03-29,17.185
2019-03-28,16.6525
2019-03-27,17.0475
2019-03-26,16.485
2019-03-25,16.6725
2019-03-22,16.275
2019-03-20,16.0325
2019-03-19,16.4925
2019-03-18,16.9
2019-03-15,15.865
2019-03-14,15.15
2019-03-13,15.2775
2019-03-12,15.0975
2019-03-11,14.895
2019-03-08,14.94
2019-03-07,15.2925
2019-03-06,15.61
2019-03-05,15.6575
2019-03-01,16.275
2019-02-28,18.2775
2019-02-27,18.8975
2019-02-26,17.115
2019-02-25,15.3575
2019-02-22,15.45
2019-02-21,16.0525
2019-02-20,17.055
2019-02-19,18.4675
2019-02-18,18.0
2019-02-15,16.46
2019-02-14,15.7725
2019-02-13,15.73
2019-02-12,15.75
2019-02-11,15.84
2019-02-08,15.5675
2019-02-07,15.435
2019-02-06,15.63
2019-02-05,15.78
2019-02-04,15.7225
2019-02-01,15.72
2019-01-31,17.1225
2019-01-30,17.85
2019-01-29,18.4275
2019-01-28,18.8975
2019-01-25,17.69
2019-01-24,17.435
2019-01-23,18.085
2019-01-22,17.985
2019-01-21,18.1475
2019-01-18,16.6175
2019-01-17,16.2425
2019-01-16,16.0775
2019-01-15,15.5825
2019-01-14,16.1575
2019-01-11,15.3525
2019-01-10,15.345
2019-01-09,15.27
2019-01-08,15.7
2019-01-07,16.3025
2019-01-04,16.1625
2019-01-03,16.79
2019-01-02,16.3875
2019-01-01,15.325
2018-12-31,16.0
2018-12-28,15.27
2018-12-27,16.0725
2018-12-26,15.92
2018-12-24,15.75
2018-12-21,15.9925
2018-12-20,14.3325
2018-12-19,14.66
2018-12-18,14.5775
2018-12-17,14.54
2018-12-14,15.1575
2018-12-13,15.55
2018-12-12,15.81
2018-12-11,17.945
2018-12-10,20.4375
2018-12-07,18.59
2018-12-06,19.305
2018-12-05,18.39
2018-12-04,18.1075
2018-12-03,18.2225
2018-11-30,19.1625
2018-11-29,18.6975
2018-11-28,17.96
2018-11-27,18.315
2018-11-26,20.4025
2018-11-22,19.16
2018-11-21,19.555
2018-11-20,19.3275
2018-11-19,19.255
2018-11-16,18.35
2018-11-15,18.455
2018-11-14,18.825
2018-11-13,18.695
2018-11-12,19.3675
2018-11-09,17.765
2018-11-07,17.7225
2018-11-06,18.505
2018-11-05,19.4825
2018-11-02,18.23
2018-11-01,19.1925
2018-10-31,19.7975
2018-10-30,20.5025
2018-10-29,19.825
2018-10-26,19.2325
2018-10-25,18.9625
2018-10-24,18.88
2018-10-23,19.0375
2018-10-22,21.3575
2018-10-19,19.7875
2018-10-17,17.98
2018-10-16,17.3725
2018-10-15,18.885
2018-10-12,18.6275
2018-10-11,20.5475
2018-10-10,17.9075
2018-10-09,19.755
2018-10-08,20.1475
2018-10-05,19.7325
2018-10-04,18.915
2018-10-03,18.1175
2018-10-01,16.835
2018-09-28,16.995
2018-09-27,16.9225
2018-09-26,17.0875
2018-09-25,16.6825
2018-09-24,17.4275
2018-09-21,15.535
2018-09-19,14.005
2018-09-18,14.415
2018-09-17,14.495
2018-09-14,13.8425
2018-09-12,14.25
2018-09-11,15.33
2018-09-10,15.2025
2018-09-07,13.89
2018-09-06,13.7225
2018-09-05,13.65
2018-09-04,13.7825
2018-09-03,13.3925
2018-08-31,12.5975
2018-08-30,12.4125
2018-08-29,12.435
2018-08-28,12.425
2018-08-27,12.2375
2018-08-24,12.4075
2018-08-23,12.7575
2018-08-21,12.9025
2018-08-20,13.0325
2018-08-17,13.16
2018-08-16,13.645
2018-08-14,13.2825
2018-08-13,13.4
2018-08-10,12.85
2018-08-09,12.6775
2018-08-08,12.54
2018-08-07,12.5775
2018-08-06,12.5625
2018-08-03,12.0775
2018-08-02,12.555
2018-08-01,12.53
2018-07-31,12.48
2018-07-30,12.585
2018-07-27,12.31
2018-07-26,12.0275
2018-07-25,12.2075
2018-07-24,12.4675
2018-07-23,13.005
2018-07-20,13.535
2018-07-19,13.5925
2018-07-18,13.6825
2018-07-17,12.825
2018-07-16,12.9475
2018-07-13,12.3025
2018-07-12,12.505
2018-07-11,12.775
2018-07-10,12.395
2018-07-09,12.39
2018-07-06,12.4425
2018-07-05,12.575
2018-07-04,12.6575
2018-07-03,13.0
2018-07-02,13.37
2018-06-29,12.9375
2018-06-28,13.9475
2018-06-27,13.51
2018-06-26,12.7975
2018-06-25,12.5825
2018-06-22,12.0225
2018-06-21,12.4475
2018-06-20,12.1725
2018-06-19,12.92
2018-06-18,12.38
2018-06-15,12.07
2018-06-14,12.095
2018-06-13,12.635
2018-06-12,12.73
2018-06-11,13.18
2018-06-08,12.6975
2018-06-07,12.7775
2018-06-06,12.55
2018-06-05,13.315
2018-06-04,13.8825
2018-06-01,13.57
2018-05-31,13.2225
2018-05-30,13.41
2018-05-29,13.07
2018-05-28,13.055
2018-05-25,12.645
2018-05-24,13.145
2018-05-23,14.1575
2018-05-22,13.6025
2018-05-21,14.41
2018-05-18,14.15
2018-05-17,13.4075
2018-05-16,13.435
2018-05-15,13.165
2018-05-14,14.245
2018-05-11,13.9775
2018-05-10,14.425
2018-05-09,14.2725
2018-05-08,14.055
2018-05-07,13.76
2018-05-04,13.25
2018-05-03,12.985
2018-05-02,12.84
2018-04-30,12.3625
2018-04-27,12.0175
2018-04-26,12.0375
2018-04-25,12.395
2018-04-24,11.895
2018-04-23,13.145
2018-04-20,12.9375
2018-04-19,13.7475
2018-04-18,14.11
2018-04-17,14.0425
2018-04-16,14.26
2018-04-13,14.14
2018-04-12,14.56
2018-04-11,14.72
2018-04-10,14.4975
2018-04-09,14.8675
2018-04-06,14.7475
2018-04-05,14.7975
2018-04-04,16.34
2018-04-03,15.185
2018-04-02,15.3475
2018-03-28,15.7575
2018-03-27,15.55
2018-03-26,15.195
2018-03-23,15.545
2018-03-22,15.2475
2018-03-21,15.1075
2018-03-20,15.6075
2018-03-19,15.82
2018-03-16,15.22
2018-03-15,14.33
2018-03-14,14.3625
2018-03-13,14.4625
2018-03-12,14.4925
2018-03-09,14.525
2018-03-08,14.585
2018-03-07,15.7
2018-03-06,16.245
2018-03-05,15.395
2018-03-01,14.0725
2018-02-28,13.805
2018-02-27,13.9225
2018-02-26,13.695
2018-02-23,14.2025
2018-02-22,14.8325
2018-02-21,15.92
2018-02-20,16.8675
2018-02-19,16.6675
2018-02-16,16.3775
2018-02-15,16.315
2018-02-14,17.185
2018-02-12,17.8825
2018-02-09,19.23
2018-02-08,17.7725
2018-02-07,19.465
2018-02-06,20.015
2018-02-05,16.0525
2018-02-02,15.25
2018-02-01,14.1075
2018-01-31,15.93
2018-01-30,16.415
2018-01-29,17.8875
2018-01-25,17.5075
2018-01-24,18.04
2018-01-23,16.225
2018-01-22,15.3925
2018-01-19,13.9825
2018-01-18,13.96
2018-01-17,13.86
2018-01-16,14.085
2018-01-15,14.305
2018-01-12,13.7325
2018-01-11,14.0125
2018-01-10,14.035
2018-01-09,13.8475
2018-01-08,13.735
2018-01-05,13.1125
2018-01-04,13.415
2018-01-03,13.6225
2018-01-02,13.685
2018-01-01,13.3525
2017-12-29,12.67
2017-12-28,12.2975
2017-12-27,12.4925
2017-12-26,12.0525
2017-12-22,11.5875
2017-12-21,12.085
2017-12-20,12.185
2017-12-19,12.1875
2017-12-18,13.115
2017-12-15,14.94
2017-12-14,16.4075
2017-12-13,15.945
2017-12-12,15.2625
2017-12-11,14.1475
2017-12-08,13.6725
2017-12-07,14.2725
2017-12-06,15.0875
2017-12-05,15.0075
2017-12-04,14.855
2017-12-01,14.795
2017-11-30,13.55
2017-11-29,13.06
2017-11-28,13.1475
2017-11-27,13.03
2017-11-24,13.5125
2017-11-23,13.865
2017-11-22,14.0375
2017-11-21,13.715
2017-11-20,13.4325
2017-11-17,13.7125
2017-11-16,13.4625
2017-11-15,14.265
2017-11-14,14.165
2017-11-13,14.045
2017-11-10,13.475
2017-11-09,13.2675
2017-11-08,13.61
2017-11-07,13.2375
2017-11-06,13.0225
2017-11-03,11.91
2017-11-02,12.005
2017-11-01,12.1375
2017-10-31,12.44
2017-10-30,12.1125
2017-10-27,11.475
2017-10-26,11.6175
2017-10-25,11.76
2017-10-24,11.59
2017-10-23,12.325
2017-10-19,12.395
2017-10-18,11.54
2017-10-17,11.61
2017-10-16,11.31
2017-10-13,11.2625
2017-10-12,11.0425
2017-10-11,11.73
2017-10-10,11.1125
2017-10-09,11.3925
2017-10-06,11.1175
2017-10-05,11.71
2017-10-04,11.8
2017-10-03,12.46
2017-09-29,12.485
2017-09-28,13.1725
2017-09-27,13.8625
2017-09-26,12.9275
2017-09-25,13.34
2017-09-22,12.81
2017-09-21,11.6325
2017-09-20,11.6325
2017-09-19,11.465
2017-09-18,11.4425
2017-09-15,11.6775
2017-09-14,11.47
2017-09-13,11.755
2017-09-12,11.7575
2017-09-11,12.36
2017-09-08,12.9625
2017-09-07,13.0075
2017-09-06,13.12
2017-09-05,12.8875
2017-09-04,13.165
2017-09-01,11.675
2017-08-31,11.9525
2017-08-30,12.8875
2017-08-29,13.5425
2017-08-28,12.64
2017-08-24,12.5725
2017-08-23,13.1825
2017-08-22,14.105
2017-08-21,14.815
2017-08-18,14.57
2017-08-17,14.34
2017-08-16,14.2375
2017-08-14,14.3825
2017-08-11,15.195
2017-08-10,13.8025
2017-08-09,13.4525
2017-08-08,12.77
2017-08-07,11.895
2017-08-04,11.39
2017-08-03,11.6425
2017-08-02,11.9425
2017-08-01,11.9075
2017-07-31,11.9
2017-07-28,11.1375
2017-07-27,11.2175
2017-07-26,11.17
2017-07-25,10.9125
2017-07-24,11.3125
2017-07-21,11.085
2017-07-20,11.315
2017-07-19,11.255
2017-07-18,11.49
2017-07-17,11.4575
2017-07-14,11.1725
2017-07-13,11.2475
2017-07-12,11.0525
2017-07-11,10.89
2017-07-10,10.9125
2017-07-07,10.8675
2017-07-06,10.9825
2017-07-05,11.1525
2017-07-04,11.275
2017-07-03,11.2
2017-06-30,11.7325
2017-06-29,11.3825
2017-06-28,11.99
2017-06-27,12.5075
2017-06-23,11.5575
2017-06-22,11.2075
2017-06-21,10.915
2017-06-20,10.6575
2017-06-19,10.6275
2017-06-16,10.915
2017-06-15,11.325
2017-06-14,11.18
2017-06-13,11.34
2017-06-12,11.4225
2017-06-09,10.8625
2017-06-08,11.0675
2017-06-07,10.89
2017-06-06,11.1325
2017-06-05,11.015
2017-06-02,10.81
2017-06-01,11.3075
2017-05-31,11.7625
2017-05-30,11.765
2017-05-29,11.7875
2017-05-26,10.8625
2017-05-25,10.4475
2017-05-24,11.83
2017-05-23,12.2025
2017-05-22,11.2025
2017-05-19,11.3025
2017-05-18,11.785
2017-05-17,10.635
2017-05-16,10.56
2017-05-15,10.675
2017-05-12,10.6275
2017-05-11,10.8375
2017-05-10,10.9475
2017-05-09,11.1125
2017-05-08,11.665
2017-05-05,11.9875
2017-05-04,11.3325
2017-05-03,11.5275
2017-05-02,11.4475
2017-04-28,10.86
2017-04-27,11.07
2017-04-26,11.74
2017-04-25,11.155
2017-04-24,11.625
2017-04-21,11.4225
2017-04-20,11.56
2017-04-19,12.215
2017-04-18,12.375
2017-04-17,11.8925
2017-04-13,11.5775
2017-04-12,11.6275
2017-04-11,11.395
2017-04-10,11.62
2017-04-07,11.6925
2017-04-06,11.29
2017-04-05,11.55
2017-04-03,11.4925
2017-03-31,12.42
2017-03-30,12.15
2017-03-29,12.0875
2017-03-28,12.1175
2017-03-27,12.435
2017-03-24,11.9775
2017-03-23,11.835
2017-03-22,12.27
2017-03-21,11.9425
2017-03-20,12.0175
2017-03-17,11.8525
2017-03-16,11.91
2017-03-15,12.4225
2017-03-14,12.4
2017-03-10,13.9575
2017-03-09,14.39
2017-03-08,14.075
2017-03-07,13.875
2017-03-06,13.64
2017-03-03,13.3525
2017-03-02,13.3625
2017-03-01,13.575
2017-02-28,13.7925
2017-02-27,13.675
2017-02-23,13.4
2017-02-22,13.7
2017-02-21,13.525
2017-02-20,13.61
2017-02-17,13.4325
2017-02-16,13.73
2017-02-15,14.2125
2017-02-14,13.8025
2017-02-13,13.6925
2017-02-10,13.1775
2017-02-09,13.235
2017-02-08,13.35
2017-02-07,13.5075
2017-02-06,13.3975
2017-02-03,13.1275
2017-02-02,13.52
2017-02-01,13.97
2017-01-31,16.825
2017-01-30,16.67
2017-01-27,16.005
2017-01-25,15.17
2017-01-24,15.285
2017-01-23,15.905
2017-01-20,15.79
2017-01-19,15.02
2017-01-18,15.1825
2017-01-17,15.3925
2017-01-16,15.065
2017-01-13,14.3825
2017-01-12,14.6125
2017-01-11,14.8075
2017-01-10,15.195
2017-01-09,15.48
2017-01-06,14.9125
2017-01-05,15.05
2017-01-04,15.89
2017-01-03,15.9575
2017-01-02,15.83
2016-12-30,15.465
2016-12-29,15.2825
2016-12-28,15.5425
2016-12-27,15.0825
2016-12-26,16.6025
2016-12-23,15.1275
2016-12-22,15.5525
2016-12-21,14.705
2016-12-20,14.5375
2016-12-19,14.8375
2016-12-16,15.2525
2016-12-15,15.655
2016-12-14,16.5925
2016-12-13,15.9225
2016-12-12,16.1925
2016-12-09,15.0675
2016-12-08,15.525
2016-12-07,16.845
2016-12-06,17.105
2016-12-05,17.2875
2016-12-02,17.9325
2016-12-01,16.6875
2016-11-30,16.85
2016-11-29,17.7075
2016-11-28,18.055
2016-11-25,17.6125
2016-11-24,17.16
2016-11-23,18.04
2016-11-22,18.465
2016-11-21,19.0975
2016-11-18,17.805
2016-11-17,18.71
2016-11-16,19.5025
2016-11-15,20.145
2016-11-11,17.365
2016-11-10,15.4575
2016-11-09,16.62
2016-11-08,16.77
2016-11-07,16.5075
2016-11-04,16.8475
2016-11-03,16.465
2016-11-02,16.7975
2016-11-01,15.735
2016-10-30,15.49
2016-10-28,14.6525
2016-10-27,14.085
2016-10-26,14.4525
2016-10-25,14.4825
2016-10-24,14.3325
2016-10-21,13.83
2016-10-20,14.165
2016-10-19,14.6125
2016-10-18,14.5375
2016-10-17,15.655
2016-10-14,14.8875
2016-10-13,15.425
2016-10-10,14.285
2016-10-07,14.485
2016-10-06,14.835
2016-10-05,14.925
2016-10-04,14.9925
2016-10-03,15.62
2016-09-30,17.18
2016-09-29,18.45
2016-09-28,13.8475
2016-09-27,14.25
2016-09-26,14.565
2016-09-23,13.2475
2016-09-22,13.34
2016-09-21,14.805
2016-09-20,14.78
2016-09-19,14.94
2016-09-16,14.58
2016-09-15,14.6775
2016-09-14,14.7625
2016-09-12,15.24
2016-09-09,13.23
2016-09-08,13.115
2016-09-07,13.145
2016-09-06,12.75
2016-09-02,12.94
2016-09-01,13.34
2016-08-31,13.2425
2016-08-30,13.02
2016-08-29,13.165
2016-08-26,13.57
2016-08-25,13.285
2016-08-24,13.4875
2016-08-23,13.8975
2016-08-22,14.235
2016-08-19,14.5375
2016-08-18,14.55
2016-08-17,14.78
2016-08-16,14.1825
2016-08-12,13.77
2016-08-11,14.2125
2016-08-10,14.9225
2016-08-09,14.5375
2016-08-08,14.5875
2016-08-05,14.3525
2016-08-04,15.14
2016-08-03,16.2375
2016-08-02,15.6925
2016-08-01,15.18
2016-07-29,14.9175
2016-07-28,15.1475
2016-07-27,15.4275
2016-07-26,15.62
2016-07-25,15.7175
2016-07-22,15.4975
2016-07-21,15.7125
2016-07-20,15.99
2016-07-19,15.795
2016-07-18,15.9875
2016-07-15,15.6375
2016-07-14,15.61
2016-07-13,15.325
2016-07-12,14.7825
2016-07-11,14.8475
2016-07-08,15.0825
2016-07-07,15.3075
2016-07-05,15.3625
2016-07-04,15.5775
2016-07-01,15.7375
2016-06-30,16.29
2016-06-29,16.155
2016-06-28,17.725
2016-06-27,18.53
2016-06-24,18.6275
2016-06-23,18.02
2016-06-22,18.185
2016-06-21,17.26
2016-06-20,17.5175
2016-06-17,17.35
2016-06-16,17.6975
2016-06-15,17.055
2016-06-14,17.19
2016-06-13,16.5825
2016-06-10,15.97
2016-06-09,15.6725
2016-06-08,15.1425
2016-06-07,14.87
2016-06-06,15.355
2016-06-03,14.995
2016-06-02,15.0875
2016-06-01,15.835
2016-05-31,16.045
2016-05-30,15.975
2016-05-27,15.26
2016-05-26,15.325
2016-05-25,15.52
2016-05-24,16.22
2016-05-23,16.16
2016-05-20,16.425
2016-05-19,17.0625
2016-05-18,16.455
2016-05-17,16.3725
2016-05-16,17.0325
2016-05-13,16.9975
2016-05-12,16.3275
2016-05-11,16.9625
2016-05-10,16.415
2016-05-09,16.6125
2016-05-06,16.9475
2016-05-05,17.17
2016-05-04,17.445
2016-05-03,17.4625
2016-05-02,17.0925
2016-04-29,16.5375
2016-04-28,16.5975
2016-04-27,16.3525
2016-04-26,16.58
2016-04-25,16.5725
2016-04-22,16.38
2016-04-21,16.5125
2016-04-20,17.075
2016-04-18,16.9475
2016-04-13,16.035
2016-04-12,16.025
2016-04-11,16.0125
2016-04-08,16.4325
2016-04-07,16.935
2016-04-06,17.345
2016-04-05,17.83
2016-04-04,17.45
2016-04-01,17.2775
2016-03-31,16.5825
2016-03-30,16.8075
2016-03-29,17.6375
2016-03-28,17.485
2016-03-23,16.345
2016-03-22,16.43
2016-03-21,16.3325
2016-03-18,16.3825
2016-03-17,16.84
2016-03-16,17.115
2016-03-15,17.5975
2016-03-14,17.1025
2016-03-11,17.0975
2016-03-10,17.895
2016-03-09,17.505
2016-03-08,18.465
2016-03-04,17.8825
2016-03-03,18.04
2016-03-02,18.99
2016-03-01,18.6725
2016-02-29,20.1575
2016-02-26,21.865
2016-02-25,22.745
2016-02-24,22.955
2016-02-23,23.8375
2016-02-22,21.02
2016-02-19,20.915
2016-02-18,21.485
2016-02-17,21.8325
2016-02-16,23.04
2016-02-15,22.375
2016-02-12,24.6725
2016-02-11,25.965
2016-02-10,22.465
2016-02-09,21.7275
2016-02-08,20.2575
2016-02-05,18.115
2016-02-04,18.2075
2016-02-03,18.5875
2016-02-02,18.035
2016-02-01,17.89
2016-01-29,17.24
2016-01-28,17.9
2016-01-27,19.0575
2016-01-25,18.265
2016-01-22,18.82
2016-01-21,20.8125
2016-01-20,20.965
2016-01-19,18.43
2016-01-18,20.225
2016-01-15,19.415
2016-01-14,18.605
2016-01-13,18.3525
2016-01-12,18.7125
2016-01-11,18.69
2016-01-08,17.7975
2016-01-07,18.96
2016-01-06,16.5525
2016-01-05,16.7025
2016-01-04,16.835
2016-01-01,14.26
2015-12-31,13.87
2015-12-30,14.35
2015-12-29,14.235
2015-12-28,14.4025
2015-12-24,13.745
2015-12-23,13.6525
2015-12-22,14.4825
2015-12-21,14.225
2015-12-18,14.4925
2015-12-17,14.215
2015-12-16,16.7275
2015-12-15,17.3425
2015-12-14,17.7975
2015-12-11,17.1825
2015-12-10,16.2925
2015-12-09,16.725
2015-12-08,15.9725
2015-12-07,15.865
2015-12-04,16.085
2015-12-03,16.055
2015-12-02,15.4875
2015-12-01,15.635
2015-11-30,16.43
2015-11-27,16.73
2015-11-26,16.6875
2015-11-24,16.245
2015-11-23,17.075
2015-11-20,15.8975
2015-11-19,15.84
2015-11-18,17.415
2015-11-17,16.9725
2015-11-16,17.8775
2015-11-13,17.6525
2015-11-11,16.905
2015-11-10,16.825
2015-11-09,17.04
2015-11-06,19.4725
2015-11-05,19.2925
2015-11-04,19.355
2015-11-03,19.555
2015-11-02,19.4775
2015-10-30,17.88
2015-10-29,17.5825
2015-10-28,17.04
2015-10-27,16.535
2015-10-26,17.23
2015-10-23,16.1925
2015-10-21,16.6225
2015-10-20,16.995
2015-10-19,16.8775
2015-10-16,16.275
2015-10-15,17.17
2015-10-14,17.72
2015-10-13,18.015
2015-10-12,19.1225
2015-10-09,18.925
2015-10-08,19.5625
2015-10-07,19.3375
2015-10-06,19.305
2015-10-05,19.1275
2015-10-01,19.235
2015-09-30,19.625
2015-09-29,21.57
2015-09-28,21.6675
2015-09-24,20.8825
2015-09-23,20.6875
2015-09-22,20.345
2015-09-21,18.1775
2015-09-18,18.2925
2015-09-16,21.9975
2015-09-15,23.7425
2015-09-14,24.32
2015-09-11,24.975
2015-09-10,24.745
2015-09-09,24.3
2015-09-08,24.5675
2015-09-07,26.35
2015-09-04,26.4225
2015-09-03,24.115
2015-09-02,26.65
2015-09-01,28.7175
2015-08-31,24.595
2015-08-28,23.33
2015-08-27,22.0425
2015-08-26,25.515
2015-08-25,26.8475
2015-08-24,28.13
2015-08-21,17.115
2015-08-20,16.975
2015-08-19,16.68
2015-08-18,16.36
2015-08-17,16.4625
2015-08-14,16.02
2015-08-13,17.0175
2015-08-12,17.445
2015-08-11,15.8925
2015-08-10,15.465
2015-08-07,14.91
2015-08-06,14.73
2015-08-05,14.665
2015-08-04,14.83
2015-08-03,15.39
2015-07-31,14.57
2015-07-30,15.325
2015-07-29,15.8775
2015-07-28,15.915
2015-07-27,16.37
2015-07-24,15.4575
2015-07-23,15.52
2015-07-22,15.13
2015-07-21,15.0975
2015-07-20,14.96
2015-07-17,14.8025
2015-07-16,14.7825
2015-07-15,15.5675
2015-07-14,16.01
2015-07-13,16.2725
2015-07-10,17.07
2015-07-09,17.4375
2015-07-08,17.79
2015-07-07,16.3075
2015-07-06,16.0175
2015-07-03,16.305
2015-07-02,15.5575
2015-07-01,15.845
2015-06-30,16.9275
2015-06-29,17.2975
2015-06-26,15.76
2015-06-25,15.93
2015-06-24,15.915
2015-06-23,15.0425
2015-06-22,15.4875
2015-06-19,15.085
2015-06-18,16.015
2015-06-17,16.7275
2015-06-16,17.1675
2015-06-15,17.525
2015-06-12,17.4775
2015-06-11,17.805
2015-06-10,17.0775
2015-06-09,18.01
2015-06-08,18.885
2015-06-05,18.0875
2015-06-04,18.1225
2015-06-03,17.505
2015-06-02,16.82
2015-06-01,16.9125
2015-05-29,16.6575
2015-05-28,17.1325
2015-05-27,17.2825
2015-05-26,17.0675
2015-05-25,16.9325
2015-05-22,16.9475
2015-05-21,17.4125
2015-05-20,17.7175
2015-05-19,18.27
2015-05-18,17.9025
2015-05-15,19.815
2015-05-14,20.7
2015-05-13,20.685
2015-05-12,20.545
2015-05-11,18.625
2015-05-08,19.11
2015-05-07,19.65
2015-05-06,19.67
2015-05-05,17.365
2015-05-04,17.3075
2015-04-30,17.225
2015-04-29,17.235
2015-04-28,17.41
2015-04-27,18.735
2015-04-24,19.105
2015-04-23,18.5
2015-04-22,17.21
2015-04-21,17.03
2015-04-20,16.2975
2015-04-17,15.04
2015-04-16,14.95
2015-04-15,14.62
2015-04-13,14.4875
2015-04-10,14.255
2015-04-09,14.4175
2015-04-08,14.3475
2015-04-07,14.25
2015-04-06,14.5725
2015-04-01,13.665
2015-03-31,14.4925
2015-03-30,14.2625
2015-03-27,14.5
2015-03-26,15.1625
2015-03-25,13.1425
2015-03-24,13.6725
2015-03-23,14.27
2015-03-20,14.26
2015-03-19,15.1975
2015-03-18,15.5125
2015-03-17,15.1275
2015-03-16,15.1775
2015-03-13,14.965
2015-03-12,14.75
2015-03-11,15.13
2015-03-10,15.5325
2015-03-09,15.8125
2015-03-05,14.4375
2015-03-04,15.1975
2015-03-03,15.4925
2015-03-02,15.8475
2015-02-28,16.97
2015-02-27,19.57
2015-02-26,20.58
2015-02-25,20.775
2015-02-24,21.55
2015-02-23,21.6325
2015-02-20,21.2675
2015-02-19,20.3975
2015-02-18,20.9125
2015-02-16,20.825
2015-02-13,20.1025
2015-02-12,20.1575
2015-02-11,20.5025
2015-02-10,21.1925
2015-02-09,22.015
2015-02-06,20.685
2015-02-05,20.615
2015-02-04,20.05
2015-02-03,19.8075
2015-02-02,20.405
2015-01-30,20.1725
2015-01-29,19.4325
2015-01-28,19.77
2015-01-27,18.085
2015-01-23,17.885
2015-01-22,18.565
2015-01-21,17.7125
2015-01-20,17.2725
2015-01-19,17.65
2015-01-16,17.275
2015-01-15,16.16
2015-01-14,17.2475
2015-01-13,16.4825
2015-01-12,16.11
2015-01-09,15.955
2015-01-08,16.4725
2015-01-07,18.14
2015-01-06,17.42
2015-01-05,14.1525
2015-01-02,13.795
2015-01-01,15.025
2014-12-31,15.12
2014-12-30,14.8625
2014-12-29,14.5825
2014-12-26,14.645
2014-12-24,15.07
2014-12-23,15.2975
2014-12-22,14.21
2014-12-19,14.51
2014-12-18,14.5975
2014-12-17,16.925
2014-12-16,16.3075
2014-12-15,14.02
2014-12-12,13.7525
2014-12-11,12.7725
2014-12-10,12.2425
2014-12-09,12.495
2014-12-08,12.2075
2014-12-05,11.95
2014-12-04,12.445
2014-12-03,12.3675
2014-12-02,12.395
2014-12-01,13.2025
2014-11-28,12.8975
2014-11-27,12.7425
2014-11-26,12.985
2014-11-25,13.525
2014-11-24,13.0175
2014-11-21,13.8525
2014-11-20,14.165
2014-11-19,14.345
2014-11-18,14.065
2014-11-17,14.41
2014-11-14,13.9725
2014-11-13,13.8
2014-11-12,14.435
2014-11-11,14.8
2014-11-10,13.93
2014-11-07,14.11
2014-11-05,13.755
2014-11-03,13.7375
2014-10-31,13.295
2014-10-30,13.265
2014-10-29,13.005
2014-10-28,13.3225
2014-10-27,13.515
2014-10-23,12.8625
2014-10-22,13.03
2014-10-21,13.33
2014-10-20,14.19
2014-10-17,16.4
2014-10-16,16.4325
2014-10-14,14.5925
2014-10-13,14.5
2014-10-10,14.33
2014-10-09,13.155
2014-10-08,14.1125
2014-10-07,14.4625
2014-10-01,13.0
2014-09-30,13.145
2014-09-29,13.385
2014-09-26,12.9275
2014-09-25,13.2975
2014-09-24,12.535
2014-09-23,12.41
2014-09-22,11.565
2014-09-19,11.8875
2014-09-18,12.325
2014-09-17,12.9475
2014-09-16,13.2825
2014-09-15,13.255
2014-09-12,12.365
2014-09-11,12.5175
2014-09-10,12.93
2014-09-09,12.7575
2014-09-08,12.7925
2014-09-05,12.935
2014-09-04,13.0775
2014-09-03,13.3925
2014-09-02,13.4475
2014-09-01,13.53
2014-08-28,13.0675
2014-08-27,13.0625
2014-08-26,13.9025
2014-08-25,13.7875
2014-08-22,13.62
2014-08-21,13.7325
2014-08-20,13.66
2014-08-19,13.905
2014-08-18,13.5025
2014-08-14,13.22
2014-08-13,13.7625
2014-08-12,13.4675
2014-08-11,13.9975
2014-08-08,14.6175
2014-08-07,14.1375
2014-08-06,14.2975
2014-08-05,13.9475
2014-08-04,14.815
2014-08-01,15.22
2014-07-31,13.8225
2014-07-30,13.8875
2014-07-28,14.3225
2014-07-25,14.22
2014-07-24,14.72
2014-07-23,14.69
2014-07-22,14.64
2014-07-21,14.8975
2014-07-18,15.095
2014-07-17,14.965
2014-07-16,14.73
2014-07-15,14.7675
2014-07-14,15.5625
2014-07-11,15.7225
2014-07-10,15.965
2014-07-09,18.1875
2014-07-08,19.18
2014-07-07,19.4075
2014-07-04,18.155
2014-07-03,17.805
2014-07-02,17.57
2014-07-01,17.6625
2014-06-30,17.8725
2014-06-27,17.6275
2014-06-26,17.7025
2014-06-25,18.3125
2014-06-24,19.1875
2014-06-23,18.9625
2014-06-20,18.8475
2014-06-19,18.7425
2014-06-18,18.58
2014-06-17,17.695
2014-06-16,17.9825
2014-06-13,17.7625
2014-06-12,16.9025
2014-06-11,17.06
2014-06-10,16.6625
2014-06-09,17.095
2014-06-06,15.9825
2014-06-05,15.4475
2014-06-04,15.565
2014-06-03,15.795
2014-06-02,16.4975
2014-05-30,16.335
2014-05-29,16.69
2014-05-28,17.5575
2014-05-27,19.1
2014-05-26,19.84
2014-05-23,17.705
2014-05-22,17.835
2014-05-21,17.91
2014-05-20,19.2325
2014-05-19,20.63
2014-05-16,24.2925
2014-05-15,36.765
2014-05-14,32.42
2014-05-13,32.0475
2014-05-12,37.105
2014-05-09,37.705
2014-05-08,34.3
2014-05-07,33.6125
2014-05-06,33.2675
2014-05-05,34.1875
2014-05-02,33.055
2014-04-30,30.5925
2014-04-29,31.05
2014-04-28,31.385
2014-04-25,30.68
2014-04-23,31.1325
2014-04-22,33.355
2014-04-21,34.385
2014-04-17,30.8525
2014-04-16,31.16
2014-04-15,31.875
2014-04-11,29.185
2014-04-10,28.7175
2014-04-09,26.9125
2014-04-07,24.9525
2014-04-04,22.6875
2014-04-03,22.1075
2014-04-02,21.2125
2014-04-01,20.685
2014-03-31,21.6225
2014-03-28,18.63
2014-03-27,18.3725
2014-03-26,17.765
2014-03-25,16.92
2014-03-24,16.5375
2014-03-22,15.875
2014-03-21,16.185
2014-03-20,16.91
2014-03-19,16.8825
2014-03-18,17.1275
2014-03-14,16.4475
2014-03-13,16.82
2014-03-12,17.04
2014-03-11,17.325
2014-03-10,17.7775
2014-03-07,16.72
2014-03-06,14.475
2014-03-05,13.8425
2014-03-04,14.3925
2014-03-03,15.2825
2014-02-28,14.1775
2014-02-26,13.955
2014-02-25,13.95
2014-02-24,14.3575
2014-02-21,14.04
2014-02-20,15.16
2014-02-19,15.07
2014-02-18,15.41
2014-02-17,15.83
2014-02-14,16.66
2014-02-13,17.8
2014-02-12,17.43
2014-02-11,18.63
2014-02-10,19.05
2014-02-07,18.55
2014-02-06,18.94
2014-02-05,18.93
2014-02-04,18.69
2014-02-03,18.27
2014-01-31,16.82
2014-01-30,17.25
2014-01-29,18.04
2014-01-28,17.72
2014-01-27,18.67
2014-01-24,15.83
2014-01-23,15.58
2014-01-22,15.85
2014-01-21,15.55
2014-01-20,15.35
2014-01-17,15.41
2014-01-16,15.54
2014-01-15,15.42
2014-01-14,15.74
2014-01-13,15.95
2014-01-10,15.58
2014-01-09,16.18
2014-01-08,16.32
2014-01-07,16.32
2014-01-06,16.5
2014-01-03,15.87
2014-01-02,16.55
2014-01-01,15.58
2013-12-31,15.12
2013-12-30,15.08
2013-12-27,14.66
2013-12-26,14.88
2013-12-24,15.58
2013-12-23,16.26
2013-12-20,16.02
2013-12-19,16.58
2013-12-18,17.54
2013-12-17,18.33
2013-12-16,18.36
2013-12-13,17.84
2013-12-12,17.74
2013-12-11,17.54
2013-12-10,17.98
2013-12-09,19.16
2013-12-06,22.21
2013-12-05,21.68
2013-12-04,23.71
2013-12-03,24.72
2013-12-02,23.36
2013-11-29,21.38
2013-11-28,20.71
2013-11-27,21.14
2013-11-26,21.59
2013-11-25,21.05
2013-11-22,20.04
2013-11-21,21.14
2013-11-20,20.83
2013-11-19,19.3
2013-11-18,18.82
2013-11-14,19.26
2013-11-13,20.45
2013-11-12,20.86
2013-11-11,19.98
2013-11-08,19.64
2013-11-07,19.87
2013-11-06,20.25
2013-11-05,19.94
2013-11-03,19.34
2013-11-01,18.64
2013-10-31,18.39
2013-10-30,19.53
2013-10-29,19.76
2013-10-28,21.29
2013-10-25,20.42
2013-10-24,20.64
2013-10-23,20.35
2013-10-22,19.96
2013-10-21,20.18
2013-10-18,20.12
2013-10-17,21.06
2013-10-15,23.24
2013-10-14,22.85
2013-10-11,23.59
2013-10-10,25.88
2013-10-09,25.87
2013-10-08,26.55
2013-10-07,26.83
2013-10-04,26.13
2013-10-03,25.17
2013-10-01,25.77
2013-09-30,26.65
2013-09-27,24.06
2013-09-26,24.0
2013-09-25,25.68
2013-09-24,26.72
2013-09-23,27.02
2013-09-20,24.73
2013-09-19,24.5
2013-09-18,27.69
2013-09-17,27.93
2013-09-16,28.82
2013-09-13,28.29
2013-09-12,29.71
2013-09-11,29.75
2013-09-10,29.44
2013-09-06,28.65
2013-09-05,28.53
2013-09-04,31.11
2013-09-03,32.49
2013-09-02,27.55
2013-08-30,27.81
2013-08-29,29.41
2013-08-28,32.38
2013-08-27,29.42
2013-08-26,26.38
2013-08-23,25.75
2013-08-22,29.06
2013-08-21,28.09
2013-08-20,27.23
2013-08-19,25.59
2013-08-16,23.64
2013-08-14,18.7
2013-08-13,19.26
2013-08-12,21.28
2013-08-08,21.19
2013-08-07,22.04
2013-08-06,22.73
2013-08-05,20.8
2013-08-02,20.89
2013-08-01,19.81
2013-07-31,18.77
2013-07-30,18.12
2013-07-29,18.25
2013-07-26,16.78
2013-07-25,16.72
2013-07-24,16.91
2013-07-23,16.72
2013-07-22,17.63
2013-07-19,18.13
2013-07-18,18.27
2013-07-17,19.36
2013-07-16,18.99
2013-07-15,18.79
2013-07-12,18.69
2013-07-11,18.89
2013-07-10,19.98
2013-07-09,19.32
2013-07-08,19.34
2013-07-05,18.67
2013-07-04,18.58
2013-07-03,18.91
2013-07-02,18.21
2013-07-01,18.09
2013-06-28,17.95
2013-06-27,18.85
2013-06-26,21.07
2013-06-25,21.14
2013-06-24,21.01
2013-06-21,19.03
2013-06-20,19.19
2013-06-19,18.46
2013-06-18,18.29
2013-06-17,18.18
2013-06-14,18.35
2013-06-13,19.44
2013-06-12,18.85
2013-06-11,19.49
2013-06-10,18.11
2013-06-07,17.35
2013-06-06,17.35
2013-06-05,16.78
2013-06-04,17.26
2013-06-03,17.29
2013-05-31,16.99
2013-05-30,16.04
2013-05-29,17.86
2013-05-28,17.12
2013-05-27,17.03
2013-05-24,17.7
2013-05-23,18.73
2013-05-22,17.72
2013-05-21,17.88
2013-05-20,17.71
2013-05-17,17.57
2013-05-16,17.74
2013-05-15,18.13
2013-05-14,17.17
2013-05-13,17.51
2013-05-11,16.84
2013-05-10,16.86
2013-05-09,16.6
2013-05-08,16.76
2013-05-07,16.5
2013-05-06,15.84
2013-05-03,15.55
2013-05-02,16.28
2013-04-30,15.1
2013-04-29,14.33
2013-04-26,13.88
2013-04-25,14.2
2013-04-23,15.07
2013-04-22,16.22
2013-04-18,15.36
2013-04-17,16.36
2013-04-16,16.25
2013-04-15,16.61
2013-04-12,16.45
2013-04-11,16.97
2013-04-10,16.49
2013-04-09,16.82
2013-04-08,16.77
2013-04-05,16.16
2013-04-04,15.85
2013-04-03,14.87
2013-04-02,14.1
2013-04-01,14.85
2013-03-28,15.22
2013-03-26,15.8
2013-03-25,16.36
2013-03-22,15.54
2013-03-21,16.51
2013-03-20,16.66
2013-03-19,16.71
2013-03-18,15.85
2013-03-15,15.16
2013-03-14,14.66
2013-03-13,16.2
2013-03-12,15.13
2013-03-11,14.25
2013-03-08,13.34
2013-03-07,13.07
2013-03-06,13.4
2013-03-05,13.39
2013-03-04,13.67
2013-03-01,14.06
2013-02-28,14.86
2013-02-27,16.23
2013-02-26,17.36
2013-02-25,16.73
2013-02-22,16.79
2013-02-21,16.94
2013-02-20,15.6
2013-02-19,15.81
2013-02-18,16.29
2013-02-15,15.24
2013-02-14,15.09
2013-02-13,15.14
2013-02-12,15.31
2013-02-11,15.65
2013-02-08,15.16
2013-02-07,14.89
2013-02-06,14.26
2013-02-05,14.61
2013-02-04,14.34
2013-02-01,13.76
2013-01-31,14.13
2013-01-30,14.38
2013-01-29,14.47
2013-01-28,15.17
2013-01-25,14.77
2013-01-24,14.46
2013-01-23,13.67
2013-01-22,13.89
2013-01-21,13.66
2013-01-18,13.89
2013-01-17,14.01
2013-01-16,13.99
2013-01-15,13.58
2013-01-14,13.7
2013-01-11,13.23
2013-01-10,13.27
2013-01-09,13.32
2013-01-08,13.27
2013-01-07,13.92
2013-01-04,13.37
2013-01-03,13.47
2013-01-02,13.71
2013-01-01,13.69
2012-12-31,14.95
2012-12-28,13.63
2012-12-27,13.74
2012-12-26,14.1
2012-12-24,14.49
2012-12-21,14.63
2012-12-20,14.32
2012-12-19,14.47
2012-12-18,14.44
2012-12-17,14.92
2012-12-14,14.23
2012-12-13,14.71
2012-12-12,14.51
2012-12-11,14.67
2012-12-10,14.51
2012-12-07,14.96
2012-12-06,15.24
2012-12-05,16.62
2012-12-04,15.91
2012-12-03,15.62
2012-11-30,15.15
2012-11-29,15.37
2012-11-27,13.96
2012-11-26,14.67
2012-11-23,14.68
2012-11-22,14.91
2012-11-21,15.46
2012-11-20,15.81
2012-11-19,16.68
2012-11-16,16.22
2012-11-15,15.53
2012-11-13,14.91
2012-11-12,14.86
2012-11-09,14.37
2012-11-08,14.22
2012-11-07,14.51
2012-11-06,15.21
2012-11-05,14.63
2012-11-02,13.66
2012-11-01,14.08
2012-10-31,14.4
2012-10-30,15.17
2012-10-29,15.12
2012-10-26,14.21
2012-10-25,13.52
2012-10-23,13.71
2012-10-22,13.04
2012-10-19,14.54
2012-10-18,14.76
2012-10-17,15.17
2012-10-16,15.57
2012-10-15,15.9
2012-10-12,16.49
2012-10-11,16.49
2012-10-10,16.83
2012-10-09,16.8
2012-10-08,17.17
2012-10-05,16.78
2012-10-04,16.44
2012-10-03,16.5
2012-10-01,16.34
2012-09-28,16.16
2012-09-27,16.91
2012-09-26,16.97
2012-09-25,17.11
2012-09-24,18.83
2012-09-21,18.93
2012-09-20,18.62
2012-09-18,17.83
2012-09-17,17.78
2012-09-14,15.38
2012-09-13,15.67
2012-09-12,15.04
2012-09-11,15.38
2012-09-10,15.27
2012-09-08,14.76
2012-09-07,15.26
2012-09-06,16.98
2012-09-05,17.01
2012-09-04,16.59
2012-09-03,17.28
2012-08-31,17.3
2012-08-30,16.67
2012-08-29,16.74
2012-08-28,16.35
2012-08-27,16.47
2012-08-24,16.16
2012-08-23,16.12
2012-08-22,16.0
2012-08-21,16.3
2012-08-17,15.73
2012-08-16,15.69
2012-08-14,15.64
2012-08-13,16.01
2012-08-10,16.07
2012-08-09,16.33
2012-08-08,16.37
2012-08-07,16.21
2012-08-06,16.22
2012-08-03,16.12
2012-08-02,16.77
2012-08-01,16.45
2012-07-31,16.01
2012-07-30,16.6
2012-07-27,16.44
2012-07-26,16.37
2012-07-25,16.75
2012-07-24,16.97
2012-07-23,18.66
2012-07-20,16.89
2012-07-19,16.38
2012-07-18,17.44
2012-07-17,17.78
2012-07-16,18.77
2012-07-13,18.26
2012-07-12,18.71
2012-07-11,18.39
2012-07-10,17.83
2012-07-09,18.72
2012-07-06,18.04
2012-07-05,18.35
2012-07-04,18.27
2012-07-03,18.56
2012-07-02,19.01
2012-06-29,19.08
2012-06-28,20.62
2012-06-27,20.37
2012-06-26,20.23
2012-06-25,21.57
2012-06-22,20.58
2012-06-21,19.94
2012-06-20,21.03
2012-06-19,21.43
2012-06-18,22.6
2012-06-15,25.54
2012-06-14,25.71
2012-06-13,24.36
2012-06-12,24.2
2012-06-11,25.02
2012-06-08,23.47
2012-06-07,23.64
2012-06-06,24.9
2012-06-05,26.26
2012-06-04,25.6
2012-06-01,26.77
2012-05-31,25.25
2012-05-30,25.3
2012-05-29,24.03
2012-05-28,23.68
2012-05-25,25.14
2012-05-24,25.49
2012-05-23,27.13
2012-05-22,24.39
2012-05-21,23.92
2012-05-18,23.55
2012-05-17,23.59
2012-05-16,23.71
2012-05-15,22.28
2012-05-14,23.26
2012-05-11,22.48
2012-05-10,22.72
2012-05-09,23.04
2012-05-08,22.16
2012-05-07,20.22
2012-05-04,21.12
2012-05-03,19.25
2012-05-02,18.54
2012-04-30,17.82
2012-04-27,17.89
2012-04-26,18.74
2012-04-25,18.94
2012-04-24,19.25
2012-04-23,21.57
2012-04-20,20.09
2012-04-19,19.35
2012-04-18,20.03
2012-04-17,20.31
2012-04-16,22.23
2012-04-13,22.75
2012-04-12,21.78
2012-04-11,22.29
2012-04-10,21.92
2012-04-09,22.33
2012-04-04,20.63
2012-04-03,20.01
2012-04-02,20.88
2012-03-30,22.38
2012-03-29,24.33
2012-03-28,24.87
2012-03-27,25.05
2012-03-26,26.74
2012-03-23,23.34
2012-03-22,24.77
2012-03-21,21.0
2012-03-20,21.94
2012-03-19,22.97
2012-03-16,23.13
2012-03-15,25.42
2012-03-14,24.72
2012-03-13,24.75
2012-03-12,26.27
2012-03-09,25.47
2012-03-07,26.33
2012-03-06,27.34
2012-03-05,28.92
2012-03-03,28.2
2012-03-02,27.84
2012-03-01,27.67
2012-02-29,26.93
2012-02-28,25.85
2012-02-27,27.38
2012-02-24,24.82
2012-02-23,24.33
2012-02-22,26.8
2012-02-21,26.25
2012-02-17,24.18
2012-02-16,23.33
2012-02-15,22.1
2012-02-14,22.71
2012-02-13,23.71
2012-02-10,23.83
2012-02-09,23.3
2012-02-08,24.27
2012-02-07,24.91
2012-02-06,24.62
2012-02-03,24.09
2012-02-02,23.69
2012-02-01,22.89
2012-01-31,22.66
2012-01-30,23.46
2012-01-27,21.7
2012-01-25,21.02
2012-01-24,21.42
2012-01-23,22.14
2012-01-20,21.96
2012-01-19,21.68
2012-01-18,22.68
2012-01-17,22.61
2012-01-16,24.07
2012-01-13,23.48
2012-01-12,24.03
2012-01-11,24.54
2012-01-10,24.0
2012-01-09,25.68
2012-01-07,25.65
2012-01-06,25.46
2012-01-05,25.91
2012-01-04,26.41
2012-01-03,26.16
2012-01-02,27.53
2011-12-30,27.11
2011-12-29,26.62
2011-12-28,26.74
2011-12-27,26.29
2011-12-26,26.6
2011-12-23,27.39
2011-12-22,26.84
2011-12-21,27.53
2011-12-20,30.53
2011-12-19,30.58
2011-12-16,29.69
2011-12-15,28.81
2011-12-14,28.79
2011-12-13,28.11
2011-12-12,29.27
2011-12-09,29.53
2011-12-08,28.58
2011-12-07,26.46
2011-12-05,25.02
2011-12-02,23.99
2011-12-01,25.02
2011-11-30,26.55
2011-11-29,26.87
2011-11-28,26.64
2011-11-25,29.12
2011-11-24,27.95
2011-11-23,30.68
2011-11-22,27.35
2011-11-21,28.61
2011-11-18,26.58
2011-11-17,26.92
2011-11-16,25.04
2011-11-15,25.97
2011-11-14,25.29
2011-11-11,24.74
2011-11-09,24.3
2011-11-08,23.71
2011-11-04,23.43
2011-11-03,24.66
2011-11-02,24.89
2011-11-01,24.02
2011-10-31,22.66
2011-10-28,20.89
2011-10-26,22.69
2011-10-25,22.31
2011-10-24,25.22
2011-10-21,26.3
2011-10-20,25.6
2011-10-19,24.05
2011-10-18,25.9
2011-10-17,25.43
2011-10-14,25.98
2011-10-13,28.24
2011-10-12,28.41
2011-10-11,30.3
2011-10-10,30.03
2011-10-07,33.02
2011-10-05,35.37
2011-10-04,37.19
2011-10-03,35.07
2011-09-30,31.94
2011-09-29,31.07
2011-09-28,32.0
2011-09-27,32.01
2011-09-26,35.43
2011-09-23,35.16
2011-09-22,33.88
2011-09-21,27.67
2011-09-20,27.25
2011-09-19,29.6
2011-09-16,28.45
2011-09-15,30.79
2011-09-14,32.45
2011-09-13,32.77
2011-09-12,32.75
2011-09-09,28.15
2011-09-08,27.64
2011-09-07,27.86
2011-09-06,28.66
2011-09-05,27.83
2011-09-02,26.09
2011-08-30,24.88
2011-08-29,26.07
2011-08-26,33.26
2011-08-25,27.94
2011-08-24,28.6
2011-08-23,25.92
2011-08-22,27.08
2011-08-19,29.19
2011-08-18,27.45
2011-08-17,25.48
2011-08-16,26.46
2011-08-12,27.02
2011-08-11,29.09
2011-08-10,28.95
2011-08-09,34.88
2011-08-08,28.78
2011-08-05,24.9
2011-08-04,20.22
2011-08-03,19.48
2011-08-02,19.15
2011-08-01,18.78
2011-07-29,19.77
2011-07-28,18.51
2011-07-27,18.25
2011-07-26,19.3
2011-07-25,19.2
2011-07-22,17.91
2011-07-21,18.75
2011-07-20,19.11
2011-07-19,19.25
2011-07-18,20.2
2011-07-15,19.95
2011-07-14,19.97
2011-07-13,19.52
2011-07-12,20.83
2011-07-11,19.69
2011-07-08,18.67
2011-07-07,18.62
2011-07-06,18.34
2011-07-05,18.25
2011-07-04,18.17
2011-07-01,18.21
2011-06-30,18.41
2011-06-29,19.46
2011-06-28,19.49
2011-06-27,19.99
2011-06-24,19.32
2011-06-23,19.5
2011-06-22,20.89
2011-06-21,21.31
2011-06-20,22.18
2011-06-17,20.27
2011-06-16,19.66
2011-06-15,19.14
2011-06-14,18.51
2011-06-13,18.91
2011-06-10,18.54
2011-06-09,18.58
2011-06-08,18.58
2011-06-07,18.03
2011-06-06,18.21
2011-06-03,17.61
2011-06-02,17.98
2011-06-01,16.73
2011-05-31,16.82
2011-05-30,17.87
2011-05-27,17.25
2011-05-26,19.18
2011-05-25,20.66
2011-05-24,19.93
2011-05-23,21.04
2011-05-20,19.45
2011-05-19,20.41
2011-05-18,20.71
2011-05-17,21.03
2011-05-16,21.46
2011-05-13,20.63
2011-05-12,21.23
2011-05-11,21.24
2011-05-10,21.74
2011-05-09,21.5
2011-05-06,20.97
2011-05-05,21.6
2011-05-04,21.18
2011-05-03,21.58
2011-05-02,20.88
2011-04-29,19.58
2011-04-28,20.92
2011-04-27,21.35
2011-04-26,21.71
2011-04-25,20.91
2011-04-21,20.51
2011-04-20,20.99
2011-04-19,22.07
2011-04-18,22.45
2011-04-15,21.59
2011-04-13,20.41
2011-04-11,21.24
2011-04-08,20.54
2011-04-07,20.32
2011-04-06,20.36
2011-04-05,19.9
2011-04-04,20.06
2011-04-01,20.11
2011-03-31,22.18
2011-03-30,22.04
2011-03-29,21.22
2011-03-28,21.02
2011-03-25,20.47
2011-03-24,19.84
2011-03-23,20.97
2011-03-22,22.26
2011-03-21,25.21
2011-03-18,25.89
2011-03-17,25.26
2011-03-16,24.89
2011-03-15,26.63
2011-03-14,23.3
2011-03-11,24.13
2011-03-10,23.53
2011-03-09,23.28
2011-03-08,23.67
2011-03-07,25.22
2011-03-04,22.91
2011-03-03,22.96
2011-03-01,22.22
2011-02-28,24.4
2011-02-25,27.27
2011-02-24,28.2
2011-02-23,26.55
2011-02-22,26.85
2011-02-21,24.91
2011-02-18,24.18
2011-02-17,22.57
2011-02-16,23.05
2011-02-15,22.85
2011-02-14,22.58
2011-02-11,23.47
2011-02-10,24.82
2011-02-09,25.24
2011-02-08,24.74
2011-02-07,24.69
2011-02-04,24.41
2011-02-03,22.69
2011-02-02,23.52
2011-02-01,23.73
2011-01-31,23.41
2011-01-28,22.58
2011-01-27,22.09
2011-01-25,20.78
2011-01-24,20.17
2011-01-21,21.03
2011-01-20,21.01
2011-01-19,21.09
2011-01-18,21.46
2011-01-17,23.57
2011-01-14,23.81
2011-01-13,23.15
2011-01-12,21.41
2011-01-11,22.33
2011-01-10,23.16
2011-01-07,20.82
2011-01-06,18.2
2011-01-05,17.88
2011-01-04,17.03
2011-01-03,16.99
2010-12-31,16.56
2010-12-30,17.02
2010-12-29,17.13
2010-12-28,18.13
2010-12-27,18.45
2010-12-24,17.65
2010-12-23,19.03
2010-12-22,19.56
2010-12-21,19.77
2010-12-20,20.78
2010-12-16,20.24
2010-12-15,21.42
2010-12-14,21.46
2010-12-13,22.57
2010-12-10,21.63
2010-12-09,22.6
2010-12-08,20.43
2010-12-07,19.24
2010-12-06,19.37
2010-12-03,18.6
2010-12-02,18.8
2010-12-01,19.2
2010-11-30,20.71
2010-11-29,21.31
2010-11-26,22.58
2010-11-25,21.63
2010-11-24,24.68
2010-11-23,23.26
2010-11-22,19.93
2010-11-19,21.6
2010-11-18,20.62
2010-11-16,21.13
2010-11-15,20.25
2010-11-12,21.63
2010-11-11,19.36
2010-11-10,19.08
2010-11-09,18.75
2010-11-08,19.61
2010-11-05,19.22
2010-11-04,19.36
2010-11-03,21.53
2010-11-02,21.25
2010-11-01,20.92
2010-10-29,20.76
2010-10-28,20.52
2010-10-27,21.02
2010-10-26,20.55
2010-10-25,21.36
2010-10-22,21.61
2010-10-21,22.19
2010-10-20,23.8
2010-10-19,23.23
2010-10-18,22.35
2010-10-15,22.65
2010-10-14,20.6
2010-10-13,20.02
2010-10-12,20.51
2010-10-11,21.2
2010-10-08,21.4
2010-10-07,22.45
2010-10-06,21.73
2010-10-05,22.17
2010-10-04,22.8
2010-10-01,21.43
2010-09-30,22.25
2010-09-29,22.16
2010-09-28,21.21
2010-09-27,22.36
2010-09-24,21.71
2010-09-23,23.9
2010-09-22,24.29
2010-09-21,22.63
2010-09-20,21.95
2010-09-17,19.49
2010-09-16,18.85
2010-09-15,19.43
2010-09-14,18.6
2010-09-13,18.14
2010-09-09,15.92
2010-09-08,15.97
2010-09-07,15.83
2010-09-06,15.22
2010-09-03,15.86
2010-09-02,16.15
2010-09-01,16.7
2010-08-31,18.47
2010-08-30,18.36
2010-08-27,19.63
2010-08-26,17.09
2010-08-25,18.92
2010-08-24,16.99
2010-08-23,17.14
2010-08-20,16.7
2010-08-19,16.53
2010-08-18,16.4
2010-08-17,17.63
2010-08-16,18.11
2010-08-13,16.74
2010-08-12,18.0
2010-08-11,18.11
2010-08-10,17.33
2010-08-09,17.0
2010-08-06,17.37
2010-08-05,17.71
2010-08-04,17.04
2010-08-03,17.55
2010-08-02,17.99
2010-07-30,18.94
2010-07-29,18.33
2010-07-28,19.52
2010-07-27,19.22
2010-07-26,19.97
2010-07-23,19.24
2010-07-22,18.9
2010-07-21,20.0
2010-07-20,20.38
2010-07-19,20.71
2010-07-16,19.7
2010-07-15,20.18
2010-07-14,20.07
2010-07-13,19.11
2010-07-12,19.91
2010-07-09,20.21
2010-07-08,21.12
2010-07-07,22.11
2010-07-06,20.9
2010-07-05,21.99
2010-07-02,21.9
2010-07-01,21.44
2010-06-30,20.07
2010-06-29,20.64
2010-06-28,19.55
2010-06-25,20.0
2010-06-24,20.07
2010-06-23,20.34
2010-06-22,20.64
2010-06-21,19.41
2010-06-18,19.96
2010-06-17,20.85
2010-06-16,22.67
2010-06-15,21.98
2010-06-14,22.95
2010-06-11,25.1
2010-06-10,26.5
2010-06-09,28.16
2010-06-08,28.77
2010-06-07,27.99
2010-06-04,24.72
2010-06-03,25.29
2010-06-02,27.76
2010-06-01,29.08
2010-05-31,26.43
2010-05-28,26.43
2010-05-27,29.01
2010-05-26,32.15
2010-05-25,34.52
2010-05-24,31.3
2010-05-21,32.26
2010-05-20,31.04
2010-05-19,32.04
2010-05-18,26.54
2010-05-17,27.17
2010-05-14,26.53
2010-05-13,24.86
2010-05-12,25.82
2010-05-11,25.81
2010-05-10,24.14
2010-05-07,27.4
2010-05-06,24.36
2010-05-05,23.69
2010-05-04,23.3
2010-05-03,22.14
2010-04-30,20.35
2010-04-29,21.19
2010-04-28,22.73
2010-04-27,19.82
2010-04-26,19.79
2010-04-23,20.21
2010-04-22,20.53
2010-04-21,19.23
2010-04-20,20.87
2010-04-19,22.66
2010-04-16,21.78
2010-04-15,21.58
2010-04-13,20.14
2010-04-12,20.05
2010-04-09,18.44
2010-04-08,19.92
2010-04-07,17.32
2010-04-06,17.2
2010-04-05,17.17
2010-04-01,17.62
2010-03-31,19.87
2010-03-30,19.8
2010-03-29,18.73
2010-03-26,17.89
2010-03-25,17.05
2010-03-23,18.13
2010-03-22,19.96
2010-03-19,17.75
2010-03-18,17.97
2010-03-17,17.73
2010-03-16,19.59
2010-03-15,20.26
2010-03-12,19.73
2010-03-11,20.14
2010-03-10,20.09
2010-03-09,20.8
2010-03-08,20.73
2010-03-05,20.74
2010-03-04,20.98
2010-03-03,20.75
2010-03-02,21.63
2010-02-26,24.02
2010-02-25,29.55
2010-02-24,30.4
2010-02-23,30.99
2010-02-22,32.13
2010-02-19,31.9
2010-02-18,29.76
2010-02-17,29.04
2010-02-16,28.73
2010-02-15,29.68
2010-02-11,28.81
2010-02-10,30.55
2010-02-09,29.91
2010-02-08,30.36
2010-02-06,29.22
2010-02-05,30.07
2010-02-04,27.07
2010-02-03,25.54
2010-02-02,26.69
2010-02-01,25.61
2010-01-29,26.13
2010-01-28,26.96
2010-01-27,28.92
2010-01-25,25.82
2010-01-22,24.85
2010-01-21,23.5
2010-01-20,22.29
2010-01-19,22.34
2010-01-18,21.55
2010-01-15,21.08
2010-01-14,20.98
2010-01-13,21.99
2010-01-12,23.08
2010-01-11,22.68
2010-01-08,22.57
2010-01-07,22.5
2010-01-06,22.12
2010-01-05,22.27
2010-01-04,23.64
2009-12-31,23.34
2009-12-30,24.62
2009-12-29,24.41
2009-12-24,22.69
2009-12-23,23.84
2009-12-22,24.52
2009-12-21,26.19
2009-12-18,26.66
2009-12-17,27.25
2009-12-16,27.36
2009-12-15,28.32
2009-12-14,27.89
2009-12-11,27.15
2009-12-10,27.2
2009-12-09,26.99
2009-12-08,26.46
2009-12-07,27.67
2009-12-04,26.14
2009-12-03,25.99
2009-12-02,26.03
2009-12-01,25.45
2009-11-30,27.56
2009-11-27,30.06
2009-11-26,28.31
2009-11-25,24.85
2009-11-24,26.09
2009-11-23,26.69
2009-11-20,26.64
2009-11-19,28.55
2009-11-18,26.39
2009-11-17,26.78
2009-11-16,27.95
2009-11-13,29.09
2009-11-12,29.64
2009-11-11,28.96
2009-11-10,30.06
2009-11-09,28.92
2009-11-06,29.04
2009-11-05,29.57
2009-11-04,29.89
2009-11-03,24.43
2009-10-30,25.39
2009-10-29,28.22
2009-10-28,28.48
2009-10-27,28.18
2009-10-26,24.49
2009-10-23,24.49
2009-10-22,25.49
2009-10-21,26.78
2009-10-20,26.69
2009-10-17,26.28
2009-10-16,26.02
2009-10-15,26.64
2009-10-14,26.38
2009-10-12,28.2
2009-10-09,30.25
2009-10-08,29.87
2009-10-07,30.48
2009-10-06,27.75
2009-10-05,28.72
2009-10-01,25.37
2009-09-30,25.27
2009-09-29,26.06
2009-09-25,26.11
2009-09-24,24.36
2009-09-23,26.51
2009-09-22,26.8
2009-09-18,25.86
2009-09-17,27.27
2009-09-16,28.32
2009-09-15,30.2
2009-09-14,31.67
2009-09-11,31.17
2009-09-10,32.58
2009-09-09,31.66
2009-09-08,31.97
2009-09-07,32.21
2009-09-04,32.51
2009-09-03,34.11
2009-09-02,34.96
2009-09-01,34.98
2009-08-31,34.51
2009-08-28,33.27
2009-08-27,34.84
2009-08-26,36.27
2009-08-25,48.3
2009-08-24,38.51
2009-08-21,38.51
2009-08-20,36.83
2009-08-19,40.21
2009-08-18,45.04
2009-08-17,46.49
2009-08-14,44.24
2009-08-13,42.8
2009-08-12,42.52
2009-08-11,38.2
2009-08-10,38.19
2009-08-07,40.85
2009-08-06,37.65
2009-08-05,36.7
2009-08-04,36.8
2009-08-03,40.65
2009-07-31,39.21
2009-07-30,37.59
2009-07-29,37.33
2009-07-28,36.07
2009-07-27,37.39
2009-07-24,36.47
2009-07-23,34.05
2009-07-22,37.14
2009-07-21,36.59
2009-07-20,36.97
2009-07-17,35.89
2009-07-16,37.59
2009-07-15,36.15
2009-07-14,35.05
2009-07-13,36.58
2009-07-10,35.83
2009-07-09,36.64
2009-07-08,37.38
2009-07-07,36.17
2009-07-06,39.89
2009-07-03,45.86
2009-07-02,43.88
2009-07-01,43.15
2009-06-30,42.54
2009-06-29,40.31
2009-06-26,37.99
2009-06-25,38.59
2009-06-24,42.22
2009-06-23,48.23
2009-06-22,47.53
2009-06-19,48.95
2009-06-18,54.49
2009-06-17,62.05
2009-06-16,41.69
2009-06-15,52.71
2009-06-12,40.83
2009-06-11,41.02
2009-06-10,40.47
2009-06-09,40.76
2009-06-08,42.27
2009-06-05,40.55
2009-06-04,41.31
2009-06-03,40.67
2009-06-02,41.04
2009-06-01,41.83
2009-05-29,40.3
2009-05-28,44.58
2009-05-27,41.57
2009-05-26,52.37
2009-05-25,43.71
2009-05-22,49.64
2009-05-21,50.79
2009-05-20,50.79
2009-05-19,58.1
2009-05-18,49.64
2009-05-15,49.64
2009-05-14,51.25
2009-05-13,50.73
2009-05-12,50.31
2009-05-11,61.03
2009-05-08,57.02
2009-05-07,54.76
2009-05-06,51.21
2009-05-05,50.53
2009-05-04,49.54
2009-04-29,46.63
2009-04-28,48.8
2009-04-27,49.43
2009-04-24,47.78
2009-04-23,57.88
2009-04-22,57.88
2009-04-21,53.64
2009-04-20,54.22
2009-04-17,50.8
2009-04-16,50.51
2009-04-15,48.02
2009-04-13,46.56
2009-04-09,43.54
2009-04-08,43.55
